オーナー名,店名,種類,リンク,Xタグ,URL（情報元）,DC,サーバー,居住区,番地
Little Garden,【魚頭楽シリーズ第4弾】本格派  居酒屋老舗割烹  「魚頭楽紋次郎1799」🏮,スタジオ・居酒屋,https://x.com/lite170370/status/1885176733277839402,#魚頭楽,https://www.14-store-log.com/stores/0359dd8f-ffe7-4405-9164-5c0edd853239,Mana,Chocobo,ゴブレットビュート 27区,36番地
Nama Shin,大衆居酒屋「なまとと」,居酒屋,,#ff14なまとと,https://www.14-store-log.com/stores/11759e5f-298e-4901-aadd-280680152a40,Elemental,Atomos,ミストヴィレッジ 27区,19番地
Fevu White,和風居酒屋 ”縁(えにし)”,居酒屋・その他,,,https://www.14-store-log.com/stores/927a8343-f58b-424b-9264-9d764678b690,Elemental,Gungnir,ラベンダーベッド 28区,47番地
吉田 ケン太,#カフェバーきんぎょ,カフェ・BAR,https://x.com/KINGYO20240103,,https://www.14-store-log.com/stores/96005303-1d19-4703-81ab-47c902678d19,Mana,Pandaemonium,ゴブレットビュート 7区,20番地
Yu-ton Turquoise(ユウトン),Cafe&Bar【shtola】,BAR・カフェ,https://x.com/yuton_iroiro,#cafebar_shtola,https://www.14-store-log.com/stores/a69871de-1d25-4a10-909a-3b1c5b9e5408,Mana,Masamune,エンピレアム 4区,イングルサイド1号 14号室
Katrina Lewis,ヒラ向けミラプリショップ【エスナ】,マネキンショップ・販売店,https://x.com/ff14shop_esna?s=21&t=lxFXBjIq_LGHJCuctTz9Gw,#ミラショエスナ,https://www.14-store-log.com/stores/e6b48484-c257-403a-aa98-5117ab790ad6,Meteor,Shinryu,ミストヴィレッジ 22区,48番地
takubnekonyan,バー　,BAR,,,https://www.14-store-log.com/stores/26f7e8cd-13a6-44c3-9a39-5da2a946fdfd,Mana,Masamune,ミストヴィレッジ 24区,トップマスト2号 66
Sim Slowlet,森の迷路cafe【リスの隠れ家】,カフェ・その他,,#リスの隠れ家,https://www.14-store-log.com/stores/0109975d-8088-4fc0-bc70-88fe099007a2,Mana,Masamune,ラベンダーベッド 21区,17番地
Taian Stalhaerz,PUB【髭と眼鏡】チョコボ鯖店,BAR,https://x.com/taian_ff14,,https://www.14-store-log.com/stores/ac2893f5-b8d9-4a76-89f8-22e0f367a6f1,Mana,Chocobo,ゴブレットビュート 25区,30番地
DigiTama,【配信BAR】TAMA'S BAR,BAR,https://x.com/DigiTama_Belias,#TAMASBAR,https://www.14-store-log.com/stores/7782f59e-4836-454a-ba19-440887b812b5,Meteor,Belias,ラベンダーベッド 19区,18番地
Leo Alexiel,廃墟ネットカフェ 《BASE》,カフェ・その他,https://x.com/LeoA_EorzeaShop,#Leo_FF14shop,https://www.14-store-log.com/stores/df6bcc05-17ab-4d6f-8ecd-911713bfb615,Mana,Titan,エンピレアム 19区,イングルサイド2号 7号室
Odede Vivy,Night CLUB【HELME】,その他,https://x.com/YUC_e?t=jCotCMgcIol2Rue8c2MRNQ&s=09,#FF14HELME,https://www.14-store-log.com/stores/9b021e76-441d-4f2f-a776-4803244cb414,Mana,Hades,シロガネ 16区,13番地
Shien Dragneel,BAR Infinity,BAR,https://x.com/FF_BAR_INFINITY,#BAR_INFINITY,https://www.14-store-log.com/stores/533fdd9a-a2cf-4d66-a307-5e45585521ed,Mana,Asura,ゴブレットビュート 11区,28番地
Nobe Celes(ノベ),Bar Celest,BAR,,#Bar_Celest,https://www.14-store-log.com/stores/f8625884-f6c5-47ff-970d-5e6360023baa,Mana,Anima,エンピレアム 25区,イングルサイド1号 19号室
Liquid Cat ,流体力学猫,交流店・クラブ,,#流体力学猫,https://www.14-store-log.com/stores/68bafd02-771c-43e8-bfef-7631798cd1ea,Mana,Masamune,ゴブレットビュート 23区,21番地
オーナー：Meg Alexiel/店長：Leo Alexiel,監獄ダイニングバー《MAD》,BAR・その他,https://x.com/LeoA_EorzeaShop,#Leo_FF14shop,https://www.14-store-log.com/stores/20195bd2-b146-4acc-9739-2464dba9f63c,Mana,Titan,エンピレアム 19区,54番地
takub nekonyan,ゆるっと交流店　,交流店,,,https://www.14-store-log.com/stores/26c279f5-2441-45e1-a0c4-473b2683031e,Mana,Masamune,ミストヴィレッジ 24区,60番地
にぎやかしミコッテ かなで,#TalkBarしりうす,クラブ・対話店,https://talkbar-group-ff14.studio.site/shop/sirius-main,#TalkBarしりうす,https://www.14-store-log.com/stores/4524e541-f904-4b31-96b7-702d3f1b0391,Gaia,Durandal,ゴブレットビュート 30区,16番地
にぎやかしミコッテ かなで,#TalkBarかなで,BAR・対話店,https://talkbar-group-ff14.studio.site/shop/kanade-main,#TalkBarかなで,https://www.14-store-log.com/stores/783f0c10-018a-422a-9c22-a1d86085bdfd,Gaia,Durandal,シロガネ 22区,42番地
Marihser Hakuyou,純白喫茶 ふぉーぎぶん！,カフェ,,#ふぉーぎぶん,https://www.14-store-log.com/stores/cda34c99-8107-4a46-af63-3348ffd4abfb,Gaia,Fenrir,ラベンダーベッド 20区,2番地
Taian Sthalhaerz,吞み処【和ゐ符】,居酒屋,https://x.com/taian_ff14,,https://www.14-store-log.com/stores/1fece373-7d88-4c36-a2c4-3f70fc7a84cc,Meteor,Zeromus,エンピレアム 10区,8番地
オーナー：Yoshitaka Arive/店長：Leo Alexiel,Summer Beach Bar　―Unleash―,BAR,https://x.com/LeoA_EorzeaShop,#Leo_FF14shop,https://www.14-store-log.com/stores/8a49078b-e823-4a66-bd5f-9df149570fe1,Mana,Titan,ミストヴィレッジ 25区,トップマスト1号 21号室
Arusu V'ivi,割烹 びび,BAR・居酒屋,,#割烹びび,https://www.14-store-log.com/stores/f39b97b8-8f49-42e2-b0a6-3e3b26f9e905,Mana,Hades,シロガネ 17区,5番地
Leo Alexiel,南国カフェ《BLAST》,カフェ,https://x.com/LeoA_EorzeaShop,#Leo_FF14shop,https://www.14-store-log.com/stores/6291358e-bd16-4643-9735-2017d8e113ca,Mana,Titan,エンピレアム 19区,45番地 地下
Flower Hydrangea,雑談交流店  Flowers,BAR・交流店,,#雑談交流bar_Flowers,https://www.14-store-log.com/stores/fa5bf570-ff5b-4ea2-bd47-5170c10ac2ec,Mana,Pandaemonium,シロガネ 26区,43番地
Laura Brunetta,らうら相談所,相談所,https://x.com/Laura_B_FFXIV,#らうら相談所,https://www.14-store-log.com/stores/c2bb06f1-40ed-474c-885d-922f41866a0a,Mana,Masamune,ラベンダーベッド 17区,55番地
オーナー：Rhodolite Garnet/店長：Leo Alexiel,コスモカフェ-UNIVERSE-,カフェ・その他,https://x.com/LeoA_EorzeaShop,#Leo_FF14shop,https://www.14-store-log.com/stores/f3aa4308-4858-4e35-8c8e-f2609ac8da55,Mana,Masamune,ミストヴィレッジ 20区,トップマスト1号 86号室
Sim Slowlet,ネットカフェ【リスの巣】,カフェ・その他,https://x.com/Sim_Yume_net,#えおネカフェ,https://www.14-store-log.com/stores/f5868239-13c6-4f9d-8e3c-13f22b1946b1,Mana,Masamune,ラベンダーベッド 21区,17番地
Megleas Ragnak,Sun Stone Oven,カフェ・交流店,,#SSOven,https://www.14-store-log.com/stores/5280b93a-f6d4-42f0-b27c-f4e2f7491348,Mana,Titan,ゴブレットビュート 22区,23番地
Taian Stalhaerz,PUB【髭と眼鏡】イクシオン鯖店,BAR,https://x.com/taian_ff14,,https://www.14-store-log.com/stores/a10f7eaa-a5b6-4647-898a-a08ae7c4261d,Mana,Ixion,ゴブレットビュート 14区,13番地
Taian Sthalhaerz,PUB【髭と眼鏡】ゼロムス鯖店,BAR,https://x.com/taian_ff14,,https://www.14-store-log.com/stores/56715ab1-8dcd-4b1d-9e01-8a73b8bfa691,Meteor,Zeromus,ゴブレットビュート 14区,19番地
Ika Kurage,隠れ家「いかだ」,カフェ・占い,https://b-book.run/@kurageika125-ikada?book_board_setting_frame_minutes=30,,https://www.14-store-log.com/stores/4af6500d-8ebd-425b-ab50-752ba92e26e3,Mana,Chocobo,ミストヴィレッジ 28区,トップマスト1号 45号室
Ayaka Yatsurugi,【魚頭楽シリーズ第８弾改】魚頭楽的城「魚騒の客間」,その他・スタジオ,,魚頭楽,https://www.14-store-log.com/stores/206d04f1-ab37-482c-9448-36f778d17cd3,Mana,Asura,ラベンダーベッド 19区,6番地
Ariha Leefing,よっしのおみせ,カフェ,https://x.com/arihaleefing,#よっしのおみせ,https://www.14-store-log.com/stores/e77c3e27-b067-413a-9316-c1a7aa5a8261,Mana,Chocobo,ラベンダーベッド 29区,リリーヒルズ2号 8
オーナー：Leon Smith/店長：Leo Alexiel,座敷茶廊　～灯 AKARI～,カフェ・その他,https://x.com/LeoA_EorzeaShop,#Leo_FF14shop,https://www.14-store-log.com/stores/021ed824-1e29-44f8-bad5-81bb6a9119cb,Mana,Titan,ラベンダーベッド 30区,リリーヒルズ1号 89号室
Chloe Sui,月の音,カフェ・BAR,,#CAFE&BAR月の音,https://www.14-store-log.com/stores/12cc4db1-6273-4bc9-ad4d-17c962195ace,Mana,Chocobo,ゴブレットビュート 26区,ナナモ大風車1号  7号室
Iris Lunalock,【雑談交流店】月ウサギ,交流店・カフェ,,#Luna_ff14,https://www.14-store-log.com/stores/8933c046-067f-4df0-962f-8b1ac54238cf,Mana,Pandaemonium,シロガネ 28区,43番地
Hoo,-Honi-,交流店・BAR,https://x.com/honi_s2_?s=21,#Honi,https://www.14-store-log.com/stores/d45d0b56-e5d2-461c-a0d4-98da87a9fdf2,Gaia,Fenrir,ミストヴィレッジ 28区,9番地
Origa,Chatting Cat,BAR,,,https://www.14-store-log.com/stores/fe38289b-4801-499c-9ee4-4d486a42954f,Mana,Masamune,シロガネ 23区,48番地
オーナー：Rick Worker/店長：Leo Alexiel,私立リムサハイスクール,交流店,https://x.com/LeoA_EorzeaShop,#Leo_FF14shop,https://www.14-store-log.com/stores/1dc71484-bd4a-497b-a94b-9dc8ec786ada,Mana,Masamune,ミストヴィレッジ 17区,トップマスト1号 78号室
オーナー：Iris Chateaubriand/店長：Leo Alexiel,チルアウトカフェ《Luciole》,カフェ,https://x.com/LeoA_EorzeaShop,#Leo_FF14shop,https://www.14-store-log.com/stores/164efa82-e8cf-4838-9983-e228563c7628,Mana,Hades,ゴブレットビュート 8区,18番地
Nem Nyamo,メンズマネキンショップ,マネキンショップ,,,https://www.14-store-log.com/stores/b5e90a26-73e3-4272-9442-e3c7876aae94,Gaia,Ifrit,ゴブレットビュート 18区,35番地 6号室
osusi tabetai,名前の無いBAR,BAR・カフェ,,#名前の無いBAR,https://www.14-store-log.com/stores/3bf3035e-44f0-467c-9160-f176d3033a01,Mana,Pandaemonium,エンピレアム 4区,4番地 4
Stella-sora Staudt,Bar空翠,BAR・クラブ,,#Bar空翠_FF14,https://www.14-store-log.com/stores/6115a403-b92c-4dd6-9c71-beb19c02276c,Elemental,Gungnir,ゴブレットビュート 22区,16番地 basement
オーナー：Law Murkzone/店長：Leo Alexiel,BAR《Rosso》,BAR,https://x.com/LeoA_EorzeaShop,#Leo_FF14shop,https://www.14-store-log.com/stores/8d5640ce-3890-49fd-a958-6ea07a894ff8,Mana,Titan,ミストヴィレッジ 16区,トップマスト2号 7号室
Liuu Qalli,チャイナコンセプトカフェ【煌龍園】,カフェ,https://x.com/ll_KohLongEnn,#煌龍園,https://www.14-store-log.com/stores/78288a4c-8bbf-47b9-b260-dba3bf57c2ea,Mana,Anima,エンピレアム 6区,52番地
オーナー：Chaso Chasso/店長：Leo Alexiel,男子限定 雑談BAR《Hangout》,BAR,https://x.com/LeoA_EorzeaShop,#Leo_FF14shop,https://www.14-store-log.com/stores/c57d30bf-baec-4a4d-adc9-964645f55cea,Mana,Titan,ミストヴィレッジ 16区,トップマスト2号 9号室
Hibari,メイドbarみゃうるるふ,対話店・BAR,https://www.barmyaururufu.com/,#メイドバーみゃうるるふ,https://www.14-store-log.com/stores/376f9d9f-e9d0-483c-a060-95bec5393b24,Meteor,Belias,エンピレアム 10区,2番地
Toranya Koneko,お食事処「ひより」,カフェ,https://x.com/Toranya_ff14,#お食事処ひより,https://www.14-store-log.com/stores/59c15675-0657-485a-b133-44e972d3133a,Mana,Masamune,ミストヴィレッジ 16区,トップマスト1号 24号室
Francesco Tutti,Bar ROMA,BAR,,,https://www.14-store-log.com/stores/ae7a6396-bfb9-4ffc-aaf8-5d2ac8e0ac52,Mana,Chocobo,ラベンダーベッド 23区,14番地
Melder　Berry（メルダー　ベリー）,プールBar  🍸Le Bleu Melder 「ル・ブルー・メルダー」,BAR,https://x.com/elder_berry_ff,#ル・ブルー・メルダー,https://www.14-store-log.com/stores/cdc64b6d-a280-4d9c-a76d-ba26868f710c,Mana,Masamune,シロガネ 20区,8番地
Miko Miko’,マネキンショップ【Mellow】,マネキンショップ,,#Andante_Cafe430,https://www.14-store-log.com/stores/0ec71466-a394-4366-976b-903c438d5113,Meteor,Zeromus,ミストヴィレッジ 5区,45番地
Toranay Koneko,占い処トラにゃ,占い・カフェ,https://x.com/Toranya_ff14,#占い処トラにゃ,https://www.14-store-log.com/stores/ec993714-ef64-48a2-8157-b8b8685df784,Mana,Masamune,ゴブレットビュート 14区,56番地
Liquid Cat,流体猫又,その他・相談所,,#流体猫又,https://www.14-store-log.com/stores/a2dcf46b-9f01-4a13-a7bc-bb9ecb7ec68c,Mana,Masamune,ミストヴィレッジ 26区,トップマスト2号 9号
G'ladius Nightreign,Nightfall,BAR,,#ナイトフォール,https://www.14-store-log.com/stores/7a10872f-4e0d-4abe-8d3d-75a8dd60ce12,Mana,Anima,エンピレアム 15区,2番地 001
Phantom Fluorite,怪談と茶房「Agrat＝アグラト」,カフェ・その他,,,https://www.14-store-log.com/stores/7719ab30-2c2d-4f6a-97f6-b6fa5e22ef74,Gaia,Durandal,ミストヴィレッジ 16区,12番地
Lydia,Jasper【花･紅茶のお店】　,販売店・その他,,#FF14_Jasper　#Lydia_housing,https://www.14-store-log.com/stores/bf3fca18-d014-45f3-8fae-e8e1cc7304b1,Meteor,Mandragora,ラベンダーベッド 21区,32番地
Ota Dog,爆乳ビエルゴに会える店,カフェ・交流店,,#爆ビエ,https://www.14-store-log.com/stores/5062fcba-7d37-4cb9-9487-995c3ba6a2fb,Mana,Anima,シロガネ 28区,25番地
Francesco Tutti,Cafe Fantasista,カフェ,,,https://www.14-store-log.com/stores/4bbc36d7-dd08-4182-a7c5-b020a542401f,Mana,Chocobo,シロガネ 19区,紅梅御殿1号 9号室
Lidylia Masclet,話喫茶モノガタリ,その他,,#モノガタリ_FF14,https://www.14-store-log.com/stores/fded3feb-e996-4b1a-8b7b-f2a7a694be96,Mana,Masamune,ゴブレットビュート 24区,5番地
Sophie Cosmos,Cafe桜牡丹,カフェ・対話店,https://x.com/SophieRP_ff14,#Cafe桜牡丹,https://www.14-store-log.com/stores/03567dbc-90fd-433b-a14c-c61d644a6862,Mana,Pandaemonium,ミストヴィレッジ 5区,24番地
Little Garden,【魚頭楽シリーズ第7弾】魚頭楽PUB「LONELYHONEY  NIGHT」🦇,居酒屋・ディスコ,,魚頭楽,https://www.14-store-log.com/stores/c1204015-dcc1-4efc-b493-48f4942f0cd7,Mana,Chocobo,エンピレアム 16区,7番地
Siro Zumi,Cafe《星のとまり木》,カフェ,,#星のとまり木,https://www.14-store-log.com/stores/f3bc658e-d509-4ef0-91ea-44b79b53e30f,Meteor,Shinryu,ラベンダーベッド 17区,57番地
Siro Zumi,BAR《星のとまり木》,BAR,https://x.com/siroff14si,#星のとまり木,https://www.14-store-log.com/stores/88a4a4fe-00e2-4ff6-bce5-4e2f19c25a8e,Meteor,Shinryu,ミストヴィレッジ 4区,58番地
Nama Shin,基本無料対話店「カランコエ」,対話店,,#対話店カランコエ,https://www.14-store-log.com/stores/5d9dbbac-f757-42f1-82ec-070e875ec0e5,Elemental,Atomos,シロガネ 6区,45番地
Miyavi Quartz,Club Ketzer,対話店,https://club-ketzer.studio.site/,#club_ketzer,https://www.14-store-log.com/stores/768bd4c4-f07e-4d00-9446-2896341b1fd5,Gaia,Ultima,ゴブレットビュート 7区,13番地
Rivero Gladius,Bar_Alexandrite,BAR,,#Bar_Alexandrite,https://www.14-store-log.com/stores/f9005276-47ac-46b4-a63c-6334fbcb2e06,Mana,Asura,ラベンダーベッド 22区,7番地
Little Garden,【魚頭楽シリーズ第3弾改】夜のラーメン屋台「魚頭楽～嬉々怪々～」🍜,スタジオ・その他,https://x.com/lite170370/status/1885718682095288462,＃魚頭楽,https://www.14-store-log.com/stores/a5a15325-25fd-4f6a-b0fc-250a32d916d9,Mana,Chocobo,ゴブレットビュート 30区,12番地
Tetra Moku,水の美術館,画廊,,,https://www.14-store-log.com/stores/73a8c5c5-c99c-414b-b33c-2f8b77055d93,Meteor,Ramuh,シロガネ 8区,46番地
Tsugumi Yatsurugi,【魚頭楽シリーズ第9弾】炭炉居酒屋 「隠れ魚頭楽  一文字屋和輔」,居酒屋・スタジオ,,#魚頭楽,https://www.14-store-log.com/stores/6638ff88-e24e-4a9c-946c-ec44b15b0b07,Mana,Chocobo,シロガネ 2区,53番地
HimaWali,Cafe_Carina,カフェ,,,https://www.14-store-log.com/stores/bb3c340a-37e5-491d-b5ea-a819fb6b1c6b,Mana,Anima,ミストヴィレッジ 4区,トップマスト2号 19
Hima Wali,名前のないBar,BAR,,,https://www.14-store-log.com/stores/2f1a6df1-0568-4157-b545-99f9d8afde3e,Mana,Anima,ミストヴィレッジ 4区,49番地 個室3
"Arcana""yuriche""Chai",♡YURICHE♡,カフェ・BAR,,,https://www.14-store-log.com/stores/eb5c98e5-749b-4f13-a45d-c2c7d121fce5,Mana,Titan,ミストヴィレッジ 9区,48番地
Little Garden,photoSTUDIO GENSOUKAN　第１studio童話,スタジオ・カフェ,,＃FF14_GENSOUKAN,https://www.14-store-log.com/stores/77dc79a8-c898-45e8-8a6c-9992e050609e,Mana,Chocobo,ラベンダーベッド 2区,リリーヒルズ1号 80
オーナー：Leon Smith/店長：Leo Alexiel,PUB《EDGE》,BAR,https://x.com/LeoA_EorzeaShop,#Leo_FF14shop,https://www.14-store-log.com/stores/a48b4693-3730-4d72-a821-b404ebb795f3,Mana,Titan,エンピレアム 19区,45番地 入って左奥5号室
 Mauli Aumoe,【RP】Out of the blue,その他・交流店,https://jp.finalfantasyxiv.com/lodestone/character/59804225/blog/5682560/,,https://www.14-store-log.com/stores/d13fe4dd-ca9e-4a2c-aef6-b4776dc80285,Meteor,Yojimbo,ラベンダーベッド 16区,35番地
Konohana　Seedling,アチーバーの隠れ家≪Bar Unlock≫,BAR,,#BarUnlock,https://www.14-store-log.com/stores/670e9ae0-25a4-4adf-b798-dff4685fce30,Meteor,Belias,ミストヴィレッジ 30区,18番地
Fhio Mujuuk,譜面加工 Fhio Mujic(フィオ ムジック),アトリエ・その他,,,https://www.14-store-log.com/stores/b5eae65f-9ade-453e-96b8-55a127d8384d,Meteor,Valefor,ラベンダーベッド 12区,リリーヒルズ1号 51号室
Laura Brunetta,プチ交流店『Blossom』,BAR・交流店,https://x.com/Laura_B_FFXIV,#DiningBar_Blossom,https://www.14-store-log.com/stores/d50a94d5-ab68-4779-a22d-e566f064dd12,Mana,Masamune,ラベンダーベッド 14区,リリーヒルズ1号 15号室
Sopra Stella,Abbigliamento: Sopra,マネキンショップ,,,https://www.14-store-log.com/stores/d4110307-9010-426d-b090-b79d2281185a,Meteor,Unicorn,ミストヴィレッジ 18区,トップマスト1号 50号室
Takma Al,ひんがし風Bar 夜半の月,BAR・その他,,#夜半の月_ff14,https://www.14-store-log.com/stores/fc8c37af-fc18-4b56-a351-99234e8f6f8e,Mana,Masamune,シロガネ 2区,紅梅御殿1号 22号室
takunyaa,ゆるっと交流店,交流店・BAR,,,https://www.14-store-log.com/stores/acfb0fa5-2d3c-41ac-9bca-cf621dfd1a29,Gaia,Ifrit,ミストヴィレッジ 30区,トップマスト2号 43号室
takub,交流店　バイオレット,交流店・BAR,,,https://www.14-store-log.com/stores/8d25bab1-0bae-46cf-93f3-09efc20a06d5,Mana,Masamune,ラベンダーベッド 24区,3番地
Hyousetu Tokimiya,喫茶 無銘,カフェ・居酒屋,,#喫茶壊雷庵,https://www.14-store-log.com/stores/b5c4e6a5-bd96-4612-878b-faba8c61ee92,Meteor,Ramuh,ミストヴィレッジ 22区,トップマスト1号 のどこか
Chronika Kirstein,鹿鳴館,ライブハウス・BAR,,#鹿鳴館_FF14 ,https://www.14-store-log.com/stores/dac6409e-cba8-4036-8372-67d0de7cccc8,Gaia,Ridill,ミストヴィレッジ 6区,47番地
takubnekonyan,小さなバー,交流店,,,https://www.14-store-log.com/stores/6d159e34-7240-470e-ba14-494198ced20a,Mana,Masamune,ミストヴィレッジ 24区,トップマスト2号 66
G'ladius Nightreign,Barren Flower,カフェ・占い,,#バレンフラワー,https://www.14-store-log.com/stores/db904326-5ba2-4eb6-9559-177b4a345a44,Mana,Anima,エンピレアム 15区,2番地
Laura Brunetta,⚡️ロック⚡️Cafe　Rockism（ロッキズム）,カフェ,https://x.com/Laura_B_FFXIV,#Rockism,https://www.14-store-log.com/stores/f668e941-a4ed-4bb6-aa77-bdac89177eed,Mana,Ixion,ミストヴィレッジ 24区,トップマスト1号 78号室
Saya Konoe,七天◯ -Shichiten Madoka-,BAR,https://x.com/ShichitenMadoka?t=GluUqIxg6soBqZLXz-wkSQ&s=09,,https://www.14-store-log.com/stores/5b76525d-972b-437b-aa47-72b1a2cc63af,Meteor,Yojimbo,ミストヴィレッジ 4区,27番地
オーナーYuela  店主Fubu,翡翠-jade-,カフェ・BAR,https://x.com/fubu314,#喫茶jade_FF14,https://www.14-store-log.com/stores/29ae7033-b125-4c58-b596-a1eeb6d2bc03,Meteor,Shinryu,ゴブレットビュート 29区,50番地
Rei&Ruki,三日月堂,BAR,https://x.com/mikazuki_do_?s=21&t=L09KLKZms0zetbzmqETSrQ,#三日月堂_FF14,https://www.14-store-log.com/stores/766ff0b7-6c0b-402d-b6ba-cbb8668c061e,Elemental,Aegis,ラベンダーベッド 29区,15番地
TetraPot Yama,Aquarium Center,その他,,,https://www.14-store-log.com/stores/9a75167b-86fb-4d58-abe5-6034d740c829,Meteor,Zeromus,ラベンダーベッド 18区,36番地
takub bnekonyan,カフェ桜,カフェ,,,https://www.14-store-log.com/stores/9b2b8625-111f-4ad0-a155-5ab585c67d0d,Mana,Masamune,ミストヴィレッジ 24区,60番地
エルシー・マチルダ,蝶,対話店・BAR,,#butterfly_ff14,https://www.14-store-log.com/stores/056b3168-7280-41c9-87af-5b8b3e0678e0,Meteor,Yojimbo,ゴブレットビュート 3区,29番地
Mally Wisteria（部屋主）/Kakodaimon Indigobird（募集主）,終焉追想 暁月堂,その他,,#暁月堂,https://www.14-store-log.com/stores/ffeb70a6-3fa5-4040-bb41-813bb1aca1b3,Gaia,Fenrir,ラベンダーベッド 12区,リリーヒルズ2号 6号室
Rivero Gladius,Bicolo_Tormaline,カフェ・BAR,,#Bicolo_Tormaline,https://www.14-store-log.com/stores/2e1372d3-4da6-454c-be42-4cdb6f8a0a69,Mana,Asura,シロガネ 10区,43番地
Eks Tetsu,お魚市場,販売店,,,https://www.14-store-log.com/stores/cd0829a2-5652-4a8d-8719-2b9c935be1e8,Meteor,Valefor,ゴブレットビュート 18区,12番地
Sieo Zzz,將,マネキンショップ・スタジオ,https://x.com/sien_morumoru,#The將,https://www.14-store-log.com/stores/3f7b39e8-d575-43b5-928c-1f2dce77638b,Elemental,Garuda,シロガネ 28区,28番地
Strath Isla,Bar:Long Island Iced Tea,BAR・マネキンショップ,,#FF14  #Long_Island_Iced_Tea  #ハデス雑談店　　#フレ探し　#ミラプリ＃アウラ,https://www.14-store-log.com/stores/aa6d5849-1aa3-4ff1-8626-e73ab81302f3,Mana,Hades,ミストヴィレッジ 27区,23番地
Shiu'a Latum/Serious Khronofild,RP専用Bar『月時雨』,BAR・その他,,,https://www.14-store-log.com/stores/3f5443af-5ea0-4280-a4d9-5114dd40f4bc,Meteor,Zeromus,ミストヴィレッジ 17区,46番地 （地下）
Shiu'a Latum,RP専用Bar『月時雨』支店,BAR,,,https://www.14-store-log.com/stores/0265856a-d56e-4791-8d9f-5cba5bb7c179,Meteor,Zeromus,ミストヴィレッジ 26区,トップマスト1号 14号室
Alta Torres,Cafe Eos -カフェ エオス-,カフェ・販売店,,#FF14_CafeEos,https://www.14-store-log.com/stores/abaf8f5c-90a6-4d11-9131-87af8c964c88,Gaia,Ridill,ミストヴィレッジ 11区,トップマスト1号 18
Alta Torres,BarLaunge Topaz,その他・BAR,,,https://www.14-store-log.com/stores/5fac88bd-297a-4542-8ff3-538db30dfd0a,Gaia,Ridill,ゴブレットビュート 28区,41番地
Usagi Thunder,脱出系ギミックハウス #胡蝶の家,ギミックハウス,https://x.com/ff14_Thunder/status/1926482751206707641,#胡蝶の家,https://www.14-store-log.com/stores/81740b66-cdf9-4100-9a14-87aa6c7242c0,Gaia,Ifrit,ラベンダーベッド 27区,51番地
Polar Aursa,おでんや 北極,居酒屋・BAR,https://x.com/Polar_Aursa0121,#おでんや北極,https://www.14-store-log.com/stores/917a4b77-11ac-4645-8a4a-2a3282de279d,Mana,Hades,ゴブレットビュート 20区,ナナモ大風車1号 26号室
Origa Bles,BAR Islay（アイラ）,BAR,,,https://www.14-store-log.com/stores/a5c8738a-c031-40df-8252-571399a358af,Mana,Pandaemonium,ラベンダーベッド 20区,13番地
chamy xxx,交流店-Libra-,交流店・BAR,https://x.com/Libra_xoxox,#交流店_Libra,https://www.14-store-log.com/stores/381e335d-1d8c-40d5-b4e7-174e650558be,Mana,Anima,エンピレアム 10区,8番地
Ren Monet,モネーダの酒場,BAR・交流店,,#モネーダの酒場,https://www.14-store-log.com/stores/9d27d4c4-d539-47b5-8475-4c40fe4d0242,Meteor,Shinryu,エンピレアム 21区,31番地
takub,アメリカンバー,BAR,,,https://www.14-store-log.com/stores/4c063608-c25d-4589-a18c-604688e0c6aa,Mana,Masamune,ラベンダーベッド 24区,3番地
Stella-sora Staudt,CLUB玲瓏Lay-Low,BAR・クラブ,,#CLUB玲瓏_FF14,https://www.14-store-log.com/stores/9d76effb-21e0-4914-a7a0-46dca7793576,Elemental,Carbuncle,ラベンダーベッド 15区,30番地
Vex Ghrat/Zegram Ghrat,RP冒険者ギルド ‐逢魔ヶ刻ノ便リ‐,その他,https://jp.finalfantasyxiv.com/lodestone/character/44419677/blog/5593983/,#逢魔ヶ刻ノ便リ,https://www.14-store-log.com/stores/28b12efb-259f-436e-aa83-6dab5a50cf0c,Meteor,Zeromus,ラベンダーベッド 22区,25番地
Kaede Namiki,雑談&お昼寝カフェ《ルピエ》,カフェ,,,https://www.14-store-log.com/stores/39c67072-b58e-4d63-99da-062be639df64,Meteor,Ramuh,ラベンダーベッド 30区,リリーヒルズ1号 26
pinkiy hyl,L’ArCloset -Salon Ruby Pink,マネキンショップ,https://www.notion.so/L-ArCloset-Salon-Ruby-Pink-2d68cd8aafb5803f8aa6cb1578ee0eac,#らるくろ,https://www.14-store-log.com/stores/8ac58bfc-018a-417e-aa87-caffb412e2bd,Mana,Titan,ゴブレットビュート 15区,50番地
Pinkiy Hyl,L'ArCloset,マネキンショップ,https://x.com/PxU_Larclo,#らるくろ,https://www.14-store-log.com/stores/fdff1c83-91a0-4f56-91b7-a962dce48af2,Mana,Pandaemonium,ラベンダーベッド 13区,21番地
Alishan Forestcat,#交流店グランジール,交流店・BAR,,＃交流店グランジール,https://www.14-store-log.com/stores/8f32f42c-8dc8-4f5e-8dc9-59df71d65549,Gaia,Alexander,ラベンダーベッド 4区,5番地
Kotarou Asou,麻生小太郎秘密倶楽部≪Assort≫,BAR,,,https://www.14-store-log.com/stores/b161c043-12f1-4750-bad9-1f9cdad224fe,Mana,Asura,シロガネ 9区,39番地
Kureha Sakuragi,Cafe&Bar【Ailes】,BAR・カフェ,,,https://www.14-store-log.com/stores/847220cc-f151-4341-9739-e9c80471e8cb,Mana,Anima,ゴブレットビュート 20区,41番地
Dobby Ga,BAR_KOUSUI,BAR,https://x.com/dobby_masamune?s=21&t=rRpLv5iQxuW1JDnabTGhpg,#BAR_KOUSUI_FF14,https://www.14-store-log.com/stores/23ac3c91-599c-4bbf-bc45-30bc05194e91,Mana,Masamune,ゴブレットビュート 24区,10番地
Papa Nightwish,Bar 《 oRisyn 》,BAR・クラブ,,#oRisyn,https://www.14-store-log.com/stores/409f3219-6ed7-4dd5-a2c0-37aaec485441,Meteor,Belias,エンピレアム 23区,17番地
Theodore Ghostwyre,NascostA,カフェ・相談所,,#NascostA_FF14,https://www.14-store-log.com/stores/d592f114-254d-4f8e-a049-027c223691bb,Meteor,Ramuh,ゴブレットビュート 8区,41番地
Caffeine Coffee's,Caffe's cafe,カフェ,,#Caffes_cafe,https://www.14-store-log.com/stores/48587c60-e5d8-45bd-bdb1-52ecabb4790f,Gaia,Ridill,ラベンダーベッド 16区,46番地
kiri blahima,マネキンショップ「Melty Tiara」,マネキンショップ,,#メルティアFF14,https://www.14-store-log.com/stores/cdc78744-62a7-44f4-9ab5-e4fd6bf0a1bf,Meteor,Valefor,ゴブレットビュート 17区,12番地
Little Garden,魚頭楽系列　theater cafe & Bar「Jupiter」,アミューズメント・カフェ,,,https://www.14-store-log.com/stores/5e55a7a9-b91f-499e-ade0-2dae47cd72c6,Mana,Chocobo,エンピレアム 16区,7番地 個室１号室
Shion Edakumi,Cafe Once,カフェ・BAR,,#ff14_once_shion,https://www.14-store-log.com/stores/46421cba-4362-4bca-8d9f-2cc23837a373,Mana,Hades,ミストヴィレッジ 17区,24番地
エルシー・マチルダ,蝶,対話店・BAR,,#butterfly_ff14,https://www.14-store-log.com/stores/961ffd99-2473-4dd8-add2-48c5893aeb05,Meteor,Yojimbo,ゴブレットビュート 3区,29番地
Cafe Cigarette,煙草の喫茶店,カフェ・スタジオ,,#煙草の喫茶店,https://www.14-store-log.com/stores/515d5cd7-7cb1-412c-9a50-984896e92597,Mana,Hades,ラベンダーベッド 13区,45番地
Suzu Chan,【Cafe & Bar Suzu】夜の部,カフェ・BAR,https://x.com/FF14_cafesuzu,#FF14カフェすず,https://www.14-store-log.com/stores/4c6e83d7-0002-4262-82f3-c8c3ca668135,Mana,Asura,ゴブレットビュート 21区,4番地
Suzu Chan,カフェ万時屋,カフェ,,,https://www.14-store-log.com/stores/c9cf2d90-77f5-4175-99a9-3efe89f2caca,Mana,Asura,ミストヴィレッジ 21区,トップマスト1号 トップマスト10号室
Ta-Naho,ミラプリショップ【DEHILO】,マネキンショップ・販売店,,#Atomos_DEHILO,https://www.14-store-log.com/stores/1a39e768-e92f-418b-9d44-1617b00a12dc,Elemental,Atomos,ゴブレットビュート 18区,49番地
Kaddish Leavitt,隠れ家系雑談BAR Danger Close,BAR,,#DangerClose_ff14,https://www.14-store-log.com/stores/3985daa8-2ff4-40a5-aaba-6b95f8f6a659,Mana,Masamune,ゴブレットビュート 22区,10番地 B1
Landroval Journey,【Weaver】,マネキンショップ,,#とある裁縫師　#マネキンショップ,https://www.14-store-log.com/stores/31312337-5904-44cb-bb47-bfe4b03c7351,Gaia,Ultima,ラベンダーベッド 2区,57番地
Tyapuka Nekoko,和風カフェ～篝火～,カフェ,,#和風カフェ篝火,https://www.14-store-log.com/stores/01161cef-1427-4f15-b0d4-6e0d2952658b,Mana,Chocobo,ミストヴィレッジ 7区,トップマスト1号 18番
Brana Grande,Snack_DOLLHOUSE,BAR・その他,https://x.com/bg_cs_lt,#Snack_DOLEHOUSE,https://www.14-store-log.com/stores/37fa9db5-8c75-4e8f-b925-dba025dcc998,Mana,Asura,エンピレアム 20区,イングルサイド1号 16番
Noah(ノア),Bar Nest,BAR,https://x.com/Chichiri__Noah,#FF14_BarNest,https://www.14-store-log.com/stores/44bef7d2-de62-4260-9373-0d2175a2aa92,Mana,Chocobo,ミストヴィレッジ 27区,58番地
Io Jupiter,IORIum-イオリウム-,その他,,,https://www.14-store-log.com/stores/c535c4c8-2bbb-4ef1-8666-b502425b6421,Meteor,Shinryu,ゴブレットビュート 22区,21番地
Del P-,Self,交流店・スタジオ,,#でるハウス,https://www.14-store-log.com/stores/2859e44b-2430-490a-a057-bc6df62db0cb,Mana,Masamune,ミストヴィレッジ 2区,35番地
Natsume Tamaki,武具工房ビエルゴ,アトリエ・販売店,https://ffxiv.link/azul,#武具工房ビエルゴ,https://www.14-store-log.com/stores/075700bf-6b1d-403d-8726-51a81a39c80c,Meteor,Yojimbo,ラベンダーベッド 29区,26番地
Maryam Roel,新式マネキンショップ,マネキンショップ,,,https://www.14-store-log.com/stores/3af0430b-06a8-4cd5-b4bd-f258416fa8a1,Elemental,Garuda,エンピレアム 19区,イングルサイド2号 7番
Ase_Roro,#R's CAFE,カフェ・対話店,,#R'sCAFE,https://www.14-store-log.com/stores/d83e02f2-e779-4c7c-ae62-141a24390b42,Elemental,Kujata,ゴブレットビュート 10区,33番地 地下
Empty Drops,LOVE DROPS,交流店・その他,https://x.com/FF14_drops,#FF14_LD,https://www.14-store-log.com/stores/5e9359ca-a4d1-467a-8dd8-3574b838852c,Mana,Masamune,ラベンダーベッド 22区,14番地
Empty Drops,Leaf Drops,その他,https://x.com/LeafDrops_FF14,#FF14_LD,https://www.14-store-log.com/stores/f55a5309-8d49-4541-9ab2-3fe0fb493277,Mana,Masamune,ラベンダーベッド 3区,リリーヒルズ1号 33号室
leoo hiko,カフェマネキンレオン,マネキンショップ・カフェ,,ミラプリ　オシャレ服　マネキンショップ　カフェ　食事販売,https://www.14-store-log.com/stores/f9f2ca08-962c-47d3-acb0-e4f73b04b4d3,Gaia,Fenrir,ラベンダーベッド 5区,14番地
Turm Strom,Casino&Bar〈Luck&Roll〉,カジノ・BAR,,,https://www.14-store-log.com/stores/40e1cc8a-3846-4fe2-bd1b-26787e09a728,Gaia,Durandal,シロガネ 16区,3番地
Mikoto Kamuy,Klein Spiel,BAR・カフェ,,,https://www.14-store-log.com/stores/be39dd95-5eda-439e-8844-fad2a14fd8a8,Mana,Anima,ミストヴィレッジ 23区,49番地
Ukata Frieren,■□■　#U's BAR　■□■,BAR・カフェ,,,https://www.14-store-log.com/stores/253ec099-ff10-4eb8-ba3c-8c16f6f20c34,Elemental,Kujata,ミストヴィレッジ 7区,33番地 地下1階
Mao Idea,交流店-Starhaven-,交流店,,#Starhaven,https://www.14-store-log.com/stores/6debdbb3-2d4e-4b24-85c8-c84bc7165e92,Mana,Anima,エンピレアム 14区,14番地
Popoto Toto,PALACE -Meteor-,カフェ,https://x.com/PALACE_ff14,#PALACE_Meteor,https://www.14-store-log.com/stores/4f5df377-14fb-468a-9d11-cea63909838f,Meteor,Belias,ラベンダーベッド 21区,17番地
Toto Berry,ぱれす茶屋,居酒屋,https://x.com/PALACE_ff14,#ぱれす茶屋,https://www.14-store-log.com/stores/edfe435a-9439-4ebc-ba57-6acfd8d8d91c,Mana,Masamune,シロガネ 28区,紅梅御殿2号 7号室
佐倉,Bar Kirschblüte,BAR・対話店,https://x.com/bar_kirschblute/,#Kirschblüte14,https://www.14-store-log.com/stores/f35cdd23-a877-4851-85bd-c331c3d0ed23,Gaia,Tiamat,ゴブレットビュート 30区,ナナモ大風車1号
ととべりのおともだち,Bakery Cafe PaPAN,カフェ・その他,https://x.com/PALACE_ff14,#CafePaPAN,https://www.14-store-log.com/stores/62283368-a4c5-4770-8806-fba9bbfe6ac2,Mana,Masamune,ゴブレットビュート 6区,41番地
Toto Berry,Lavender PALACE,カフェ,https://x.com/PALACE_ff14,#ラベンダーパレス,https://www.14-store-log.com/stores/08b0825d-e56e-402e-bb2a-a91cfcaa7405,Mana,Masamune,ラベンダーベッド 20区,11番地
Hajime Kiki,【魚頭楽シリーズ第1弾】新！江戸花街組・なまぞ魚頭楽,居酒屋・スタジオ,https://x.com/lite170370/status/1886820825866887511,＃魚頭楽,https://www.14-store-log.com/stores/7d3aff03-a2d1-460e-a4c6-cfb68773af5f,Mana,Chocobo,エンピレアム 16区,4番地
Mio Gardenia,Cafe&Bar ミモザ,カフェ・BAR,,#cafeBarミモザ_ff14,https://www.14-store-log.com/stores/0d7bcc6a-bf4c-45a7-b896-432899a831da,Mana,Masamune,ゴブレットビュート 6区,42番地
Mio Gardenia,居酒屋 金木犀,居酒屋,,#居酒屋金木犀_ff14,https://www.14-store-log.com/stores/969e5149-0498-487d-9a0a-19cfe5a21ba6,Mana,Masamune,ラベンダーベッド 14区,54番地
Andrei Angstrom,Bar らいおんボーイ,BAR,,,https://www.14-store-log.com/stores/7013fdaa-8eb0-4429-8817-7fd3b23f1ed4,Mana,Anima,ゴブレットビュート 16区,13番地
Chiaki Hatune,スナック『umbrella』,BAR・居酒屋,,#umbrella_FF_14,https://www.14-store-log.com/stores/d7345e30-87db-4746-822b-a6ab6eda3600,Mana,Anima,ゴブレットビュート 27区,42番地
Bubi Shatrah,BAR-FREEDOM,BAR・交流店,,#BAR-FREEDOM,https://www.14-store-log.com/stores/ebd8d76d-98d4-4061-ab42-25ce3d2aad34,Mana,Masamune,ミストヴィレッジ 30区,トップマスト2号 62号室
Noah(ノア),Cafe.Nest,カフェ,https://x.com/Chichiri__Noah,,https://www.14-store-log.com/stores/89c71df2-2f44-43ba-ab3b-c763b9c2617b,Mana,Chocobo,ミストヴィレッジ 27区,トップマスト2号 8号室
Del P-,Self3,カフェ,,#でるハウス,https://www.14-store-log.com/stores/54dd3257-7fd5-4c96-be02-5903c247704f,Mana,Asura,エンピレアム 13区,28番地
Hima Wali,名前のないBar,BAR,,#名前のないBar_ff14,https://www.14-store-log.com/stores/d96509dc-cf33-4ce5-8b1e-49c6c3835c02,Mana,Anima,ミストヴィレッジ 4区,49番地 個室3
ひい坊,Theater&LiveBAR ORDER,BAR,,,https://www.14-store-log.com/stores/ef3d603c-68c3-4f9f-975e-359b6ef50144,Gaia,Durandal,ラベンダーベッド 16区,51番地
Yumil Dulcis,逸品堂(旧:新式フル禁断工房「もうマテ」),マネキンショップ・銭湯,,#逸品堂,https://www.14-store-log.com/stores/c0e4a365-2ebf-499f-806f-d61607027066,Mana,Titan,ゴブレットビュート 4区,11番地 1～6号室+地下
Mikoto Kamuy,Klein Spiel,BAR,,,https://www.14-store-log.com/stores/34a187fc-4adb-41ff-87f4-4a5113fa646d,Mana,Anima,ミストヴィレッジ 23区,49番地
Kikuo·Kikuri,スーパー銭湯風雑談処癒し亭,BAR,,,https://www.14-store-log.com/stores/58187f7b-3a98-4142-87f7-5a5acbe03555,Mana,Masamune,シロガネ 24区,49番地
Bubi Shatrah,有料対話店「奏」,対話店,https://twitter.com/kanade_meteo,#奏のメロディー,https://www.14-store-log.com/stores/306d2555-647d-4a0c-9c69-4d753f3ec19c,Meteor,Belias,シロガネ 14区,15番地
Sylphid_Elemental,Café&Bar　えれめんたる,カフェ・BAR,,#Café&Bar「えれめんたる」,https://www.14-store-log.com/stores/a6e516b7-13b8-4476-accb-a08dd1086784,Gaia,Durandal,シロガネ 13区,9番地
Sophie Cosmos,個室型有料対話店🌸桜牡丹,対話店,https://x.com/SophieRP_ff14,#桜牡丹,https://www.14-store-log.com/stores/ee923611-0ec4-40c6-be8e-aa888fb3f97e,Mana,Pandaemonium,ミストヴィレッジ 5区,24番地
Huurin Natsume,深い夜の図書館,交流店,https://x.com/Huurin3ff14,#深い夜の図書館,https://www.14-store-log.com/stores/36abea3c-847e-4ce3-b467-d47a76081182,Gaia,Ifrit,ラベンダーベッド 23区,52番地
Masyu Folgwyn,Bar_Bullet,BAR・スタジオ,,#Bar_Bullet,https://www.14-store-log.com/stores/1eb5f9b9-a029-4d44-ab99-15fcf48d6be3,Elemental,Garuda,ラベンダーベッド 28区,44番地
Saterah Astoltia,miracle multiverse,BAR・カフェ,https://x.com/miracle_multive?t=D-1aB3fDiTKAY1wZbGNSJA&s=09,#miracle_multiverse,https://www.14-store-log.com/stores/1f56f43f-38b9-4e5d-ae3c-6877f1a63671,Meteor,Belias,ミストヴィレッジ 20区,60番地
如月なーにゃ,ワクワクチェリー,交流店・クラブ,,#kisaff14,https://www.14-store-log.com/stores/d3992e15-dfbe-4936-9403-bf604d633d05,Mana,Ixion,ゴブレットビュート 19区,1番地
Ponyo　Gakeppchi,崖茶ー古民家喫茶ー,カフェ・ライブハウス,https://x.com/PonyoGakeff14,,https://www.14-store-log.com/stores/d84e3ce7-0bf9-479a-8f17-c7a7e38e6eaf,Gaia,Alexander,ミストヴィレッジ 24区,24番地
サーディア,砂原の雫亭,BAR・その他,,,https://www.14-store-log.com/stores/4ab2609a-9eac-4ff7-bf44-e156453ddeb2,Meteor,Valefor,ゴブレットビュート 8区,36番地
Misty Francesca,BarFrancesca,BAR・カフェ,,,https://www.14-store-log.com/stores/3fd32d85-3eb2-4583-946e-560efdf7548e,Mana,Ixion,ミストヴィレッジ 30区,トップマスト2号 38
Edda Yukkuri,もてなしカフェ,カフェ・交流店,,もてなしカフェ,https://www.14-store-log.com/stores/4c67c222-0e8d-494c-a6d8-15b16add4c89,Elemental,Garuda,ミストヴィレッジ 1区,52番地 18
Neco Coco,マネキンshop-CoCo-,マネキンショップ,,,https://www.14-store-log.com/stores/b346fbb7-3954-4f08-b72f-fc59ff040d2d,Mana,Masamune,ミストヴィレッジ 25区,トップマスト1号 21号室
Tepp Maxim,暇つぶし処　-おちゃっぷりん-,カフェ・BAR,https://tepp06203.wixsite.com/ochaplin-2nd ,#おちゃっぷりん,https://www.14-store-log.com/stores/a80db726-723a-4904-9dae-522f43f2a3ec,Gaia,Bahamut,ミストヴィレッジ 13区,11番地
Matsurika Nekokai,喫茶ひぐらし,カフェ,,#喫茶ひぐらし,https://www.14-store-log.com/stores/339be616-ff81-4770-8490-78395907cc44,Elemental,Garuda,ラベンダーベッド 28区,リリーヒルズ2号 12号室
Cafe Lapin blanc,白うさぎの隠れ家Lapinblanc,カフェ・BAR,https://x.com/CafeLapinbl4nc,＃Lapinblanc_FFXIV,https://www.14-store-log.com/stores/4f33c87d-b7b1-4014-95ab-ed6c817ecd59,Mana,Asura,ミストヴィレッジ 22区,14番地
Ponyo　,隠れ家Barー崖ー,BAR・アトリエ,,,https://www.14-store-log.com/stores/eb3e0dc3-5ce1-4aef-a98d-669be00cae90,Gaia,Alexander,ラベンダーベッド 20区,18番地 1号室
あんどーなつ,カフェ・あんどーなつ,カフェ,,＃カフェ・あんどーなつ,https://www.14-store-log.com/stores/f1864971-2f53-44e7-9d39-4c0860e86f6d,Mana,Asura,ラベンダーベッド 4区,1番地
Karumi Min,カフェ相談室 さざめきのサロン,カフェ・相談所,,,https://www.14-store-log.com/stores/7c113d0c-8bc4-4a8a-b898-a63c706f0fce,Mana,Anima,ラベンダーベッド 17区,リリーヒルズ1号 32号室
Marihser Hakuyou（部屋主）,幻想宿屋 モーグリ天国,その他,,#モーグリ天国,https://www.14-store-log.com/stores/c1f3b6fd-49c8-43a6-9a26-f404b65ed959,Gaia,Fenrir,ラベンダーベッド 12区,リリーヒルズ1号 34号室
Mai Sakuramiya,猫のあくび,カフェ,,,https://www.14-store-log.com/stores/d24ead27-f980-4065-b88c-b873c960311a,Mana,Ixion,エンピレアム 21区,17番地
Shazel　Vanilla,Insomnia,BAR,,,https://www.14-store-log.com/stores/ad76a473-db8a-4dfc-bc6a-e4b1d6c7be2d,Mana,Chocobo,ミストヴィレッジ 15区,14番地
にぎやかしミコッテ かなでちゃん,#TalkBarしりうす【エオクラ×対話店体験】,対話店・クラブ,https://talkbar-group-ff14.studio.site/,#TalkBarしりうす,https://www.14-store-log.com/stores/f66a34be-9105-4086-ae16-f79b3670399b,Gaia,Durandal,ゴブレットビュート 30区,16番地
にぎやかしミコッテ かなでちゃん,#TalkBarかなで 【Bar×対話体験（無料）】,BAR・対話店,https://x.com/Kanade_Y_FF14,,https://www.14-store-log.com/stores/f2ae4360-20d7-4443-ba2d-fd7d7c09152b,Gaia,Durandal,シロガネ 22区,42番地 旧かるてっと跡地
にぎやかしミコッテ かなでちゃん,#TalkBarかるてっと 【有料対話店】,対話店・BAR,https://talkbar-group-ff14.studio.site/,#TalkBarかるてっと,https://www.14-store-log.com/stores/b2feedf0-71a5-411f-8e76-01f5c5ee23ad,Gaia,Durandal,シロガネ 4区,43番地
あんどーなつ,マナ画廊,画廊,,,https://www.14-store-log.com/stores/8dc50d3d-1b0a-45e0-9a51-31a8fda38cf3,Mana,Hades,ゴブレットビュート 16区,13番地
Shazel Vanilla,insomnia３号店,BAR,,#FF14_insomnia,https://www.14-store-log.com/stores/ece7aa01-904f-4533-9a27-ed142dbf7640,Meteor,Shinryu,ゴブレットビュート 25区,12番地
ふちがみ,Bar【From the Ashes】,BAR,https://x.com/XIVFtA,#XIVFtA,https://www.14-store-log.com/stores/9eac6fcd-8dd5-4a91-8314-375144e4ceec,Elemental,Carbuncle,エンピレアム 18区,イングルサイド2号 2号室
Marc（@MarcShagall） & Silco（@Sylvie_XIV） Shagall,Shagall Coffee,カフェ,,,https://www.14-store-log.com/stores/76dd3687-8099-436e-bafd-41624e3cce91,Gaia,Bahamut,ラベンダーベッド 18区,51番地
An Donuts',画廊bar,BAR・画廊,,#マナ画廊,https://www.14-store-log.com/stores/72578829-9572-4541-b495-a3fd9f0d7bc3,Mana,Hades,ゴブレットビュート 16区,ナナモ大風車1号 ６号室
Leuco Feel,Berry tart✨カンカンガーデン✨,スタジオ・その他,,#Feel工房,https://www.14-store-log.com/stores/7215b932-0c4f-4203-80d2-c5917f0aba9c,Meteor,Mandragora,ゴブレットビュート 27区,44番地
Alishan Forestcat,＃雑談・交流店【ちび☆ぐら】,交流店,,＃交流店ちびぐら,https://www.14-store-log.com/stores/10f3c31a-28d4-4f11-96cb-279006a77af0,Gaia,Alexander,ラベンダーベッド 4区,リリーヒルズ1号 45
Ki Krone,リゾート風BARケイ,BAR,https://x.com/FF14KiKrone,#BARケイ,https://www.14-store-log.com/stores/74f544f8-715b-457d-8340-2e2881c3d7de,Mana,Anima,ミストヴィレッジ 30区,トップマスト1号 66号室
SIM SIM,マネキンショップ「MUSEUM 」,マネキンショップ・画廊,https://x.com/simsim26012697?s=21&t=LYJMdgY3ulW2bLPgQ-3x9g,#FF14MUSEUMFENRIR,https://www.14-store-log.com/stores/7d60d8f9-9c38-4f8b-92f4-c20679fe1225,Gaia,Fenrir,ゴブレットビュート 15区,11番地
Fontana Cavaliere,Fon's Bar,BAR,,,https://www.14-store-log.com/stores/b67554a5-d0d6-46c9-b0af-f3a34aa1c8d2,Elemental,Garuda,エンピレアム 19区,31番地
Okame Natto,おかめの限界集落,その他・スタジオ,,#おかめの限界集落,https://www.14-store-log.com/stores/870b2b60-efbb-4cad-8a8f-0405e96d6ad0,Mana,Titan,ゴブレットビュート 22区,43番地
Liz Bles,人見知りカフェ,カフェ,,#人見知りカフェ,https://www.14-store-log.com/stores/16016851-940a-4548-b3da-3193fd00dfb1,Mana,Masamune,シロガネ 13区,紅梅御殿1号 24号室
Iwa Nashi,喫茶『月見草』,カフェ・BAR,,#Cafe_月見草,https://www.14-store-log.com/stores/c5a80e9b-ac67-4d1c-b5f1-fa82cac5de4f,Mana,Masamune,ラベンダーベッド 8区,8番地
Auri Lyhty, Deserted　,交流店・BAR,https://x.com/Deserted_FF14,#the_Deserted,https://www.14-store-log.com/stores/f570571a-5c0c-46eb-a332-926d83e0a6ce,Mana,Titan,ラベンダーベッド 27区,39番地
Arice Caroll,ガールズバー『Minuet』,BAR,,#Minuet_FF14,https://www.14-store-log.com/stores/54fc172e-f8de-451f-aeb2-59cde0dd1a26,Mana,Hades,ミストヴィレッジ 11区,27番地
Hijr Alshahr,Alshahr's cafe&bar,カフェ・BAR,https://jp.finalfantasyxiv.com/lodestone/character/29244453/blog/5430565/,#Alshahrscb,https://www.14-store-log.com/stores/b7927919-602b-462a-8656-eb8e3d90d2dd,Meteor,Belias,ゴブレットビュート 15区,ナナモ大風車2号 5号室
Sai Riverside,River Side Cafe,カフェ・BAR,https://ffxiv.link/0128227,,https://www.14-store-log.com/stores/90063534-27ca-4c0d-b0fd-51a42d863213,Mana,Chocobo,ミストヴィレッジ 7区,60番地
Leuco Feel,占喫茶「Berry tart」,カフェ・占い,,#Feel工房,https://www.14-store-log.com/stores/a9bb7bde-dbd2-4193-a063-9d36c36299d8,Gaia,Durandal,ミストヴィレッジ 17区,7番地
Nepia Nepi ,ネピアの箱,その他,https://x.com/ne_pip,＃ネピアの箱,https://www.14-store-log.com/stores/bcb982f1-bd22-421a-b450-0ce10263e59d,Mana,Pandaemonium,ゴブレットビュート 6区,6番地
Leuco Feel,占喫茶「Berry tart 2号店」,占い・カフェ,,#Feel工房,https://www.14-store-log.com/stores/0f066884-6db6-4c1c-9a93-eee4cb0752ae,Meteor,Mandragora,ゴブレットビュート 21区,4番地
Kanae_Yozakura,路地裏レストラン［キッチンかなえ］,カフェ・居酒屋,,#キッチンかなえ,https://www.14-store-log.com/stores/d0110507-f172-446e-8b7f-aa2f141b2da5,Gaia,Tiamat,ゴブレットビュート 11区,32番地
おでで,交流店【Lycoris】,交流店,https://x.com/YUC_e?t=jCotCMgcIol2Rue8c2MRNQ&s=09,#FF14Lycoris,https://www.14-store-log.com/stores/c1e60e98-0156-461e-b981-8486f789736e,Mana,Hades,エンピレアム 26区,イングルサイド1号 2
Yukiya Nagi,BAR Refuzen（レフュゼン）,BAR・交流店,,,https://www.14-store-log.com/stores/8793d58c-d1e7-4c68-8e69-5517760b66df,Gaia,Fenrir,ミストヴィレッジ 30区,トップマスト2号 棟57号室
募集主Mary Giglio（部屋主はAonori Oishii),眠り猫,その他,,,https://www.14-store-log.com/stores/6925dc19-d9d8-4326-bf9e-848df776cd97,Mana,Pandaemonium,ラベンダーベッド 24区,リリーヒルズ2号 14
Okogama Shinomiya,ArabianCafe-らんぷ。,カフェ・相談所,https://croissantkaoru.wixsite.com/okotail,,https://www.14-store-log.com/stores/95fd536b-23ab-4c36-9d51-13350bc810d8,Gaia,Alexander,ゴブレットビュート 30区,10番地
Lenard Gillian,森の譜面屋《翠雨堂》,販売店,https://jp.finalfantasyxiv.com/lodestone/character/22211831/blog/4639416/,#翠雨堂,https://www.14-store-log.com/stores/14853c80-3353-43bd-aa73-ef6e0acc07d6,Mana,Masamune,ゴブレットビュート 14区,6番地
A- Yukikuma,個人協会「ポーラスター」,対話店・相談所,,,https://www.14-store-log.com/stores/fb854f61-fd1c-42c9-a119-179fb89e56bf,Elemental,Kujata,エンピレアム 8区,20番地
Elle Lovecraft,レストランぎんねこ,カフェ・スタジオ,https://x.com/silvercat_works,#レストランぎんねこ,https://www.14-store-log.com/stores/67c8a320-a9bd-48c6-bd7a-68e2fc7535a0,Elemental,Aegis,エンピレアム 7区,5番地
Shion Alma,Soiree-ソワレ-,交流店,https://x.com/FF14_soiree,#FF14_ソワレ,https://www.14-store-log.com/stores/1f0a888c-bb7a-4cf3-a7ce-972456ed3629,Mana,Hades,ミストヴィレッジ 8区,4番地
Shion Alma,ねこっと,カフェ・交流店,https://x.com/nekotto_ff14,#FF14_ねこっと,https://www.14-store-log.com/stores/ba35a47a-a00e-48b7-8495-f3131af589e0,Meteor,Shinryu,ラベンダーベッド 18区,7番地
Seiver Nana,ななカフェ,カフェ・ライブハウス,,#FF14_Nanacafe,https://www.14-store-log.com/stores/13282c8e-2dd2-4bd4-a97a-cb21844d0cb1,Elemental,Kujata,ラベンダーベッド 22区,13番地
Little Garden,photoSTUDIO GENSOUKAN　第２studioゴシック,スタジオ・BAR,,＃FF14_GENSOUKAN,https://www.14-store-log.com/stores/82e0cccf-4c22-44af-9ed7-66983684e28a,Mana,Chocobo,ラベンダーベッド 13区,リリーヒルズ2号 17
Renge Ariadne,かごいりむすめ,BAR,,,https://www.14-store-log.com/stores/729820da-5863-4f7b-8ab2-6912dcef544b,Gaia,Tiamat,エンピレアム 10区,59番地
maruko domon,ヒーリングカフェ癒しの園ウサギ邸,カフェ・相談所,,#ウサギ邸,https://www.14-store-log.com/stores/bcd9c3d0-e6c0-4bb4-b394-688923834bcd,Meteor,Yojimbo,ラベンダーベッド 29区,37番地
Shion Alma,ねこのひざ,対話店・その他,https://x.com/nekohiza_ff14,#ねこのひざ,https://www.14-store-log.com/stores/f47f20d0-1217-4afa-b502-32cbedc6a94c,Meteor,Shinryu,ミストヴィレッジ 27区,トップマスト1号
Elelielly Salvatore,CAFE THE MU,カフェ・スタジオ,https://x.com/ff14osyaberisu?s=21&t=bFvy-_uLmxV9sdq8vdEjnw,#お喋リス邸_FF14,https://www.14-store-log.com/stores/7cca86c3-bdf8-465b-b3d9-b65a417f4ce4,Mana,Pandaemonium,ミストヴィレッジ 12区,60番地
Shazel Vanilla,Insomnia2号店,BAR,,#FF14_insomnia,https://www.14-store-log.com/stores/bbf1abb1-1ff9-4311-8da2-0663daf54152,Mana,Pandaemonium,ラベンダーベッド 26区,57番地
Grey Fox,交流店《FOXHOUND》,交流店,https://x.com/home,,https://www.14-store-log.com/stores/85de2a2d-04cd-4da2-922c-d56dadc838ba,Mana,Chocobo,ミストヴィレッジ 13区,41番地
Nito Vanitas,Haulia,BAR,,#Haulia,https://www.14-store-log.com/stores/4300c9b1-1280-4cc4-b833-2f8b39d242d0,Gaia,Tiamat,エンピレアム 24区,45番地
Ren Bright,縁結び,交流店,,#交流店縁結び,https://www.14-store-log.com/stores/1691ce0c-cd52-4adf-88a6-25efc095293f,Mana,Masamune,ゴブレットビュート 28区,41番地
Grace Rain,【翠-sui-】,交流店・その他,,,https://www.14-store-log.com/stores/d43e550b-ede5-4254-b2b5-2c97143a1bb4,Gaia,Fenrir,ラベンダーベッド 20区,19番地
白猫,白猫家具工房 ,販売店・マネキンショップ,https://jp.finalfantasyxiv.com/lodestone/character/38113842/blog/5119402/,#白猫家具工房,https://www.14-store-log.com/stores/ca2d9229-9c7c-42d3-b2b2-c612a0a08873,Gaia,Ridill,ゴブレットビュート 28区,25番地
Del P-,Self4,BAR,,#でるハウス,https://www.14-store-log.com/stores/ebdc8be6-d71f-46b1-b28a-1df42ff2d198,Mana,Hades,ミストヴィレッジ 1区,5番地
Del P-,Self2,BAR・スタジオ,,#でるハウス,https://www.14-store-log.com/stores/35d1e5b5-64eb-4a63-9bd0-c6b2eb3c2cde,Mana,Pandaemonium,ゴブレットビュート 17区,35番地
Jin Jaeger,交流店「ヴェルトラ」,交流店・BAR,,,https://www.14-store-log.com/stores/b6116e40-42a2-4d94-bb09-219f9fcf9edd,Mana,Asura,エンピレアム 7区,イングルサイド2号 2号室
maruko domon,癒しの園ウサギ邸,カフェ・アトリエ,,#ウサギ邸,https://www.14-store-log.com/stores/2be999fd-f7f6-428a-b5e2-d90deae2f26a,Meteor,Yojimbo,ラベンダーベッド 29区,37番地
maruko domon,癒しの園ウサギ邸,カフェ・アトリエ,,#ウサギ邸,https://www.14-store-log.com/stores/6d69e362-a828-47ed-ad46-cb43526adaaf,Meteor,Yojimbo,ラベンダーベッド 29区,37番地
Miria Asari,隠れ家Bar「Blue Night」,BAR,,,https://www.14-store-log.com/stores/28a8ce0c-e54c-41d5-a568-332823b96272,Mana,Titan,ラベンダーベッド 5区,19番地
A'maging　Raha,【Cafe&Bar Heatheze】,カフェ・その他,,,https://www.14-store-log.com/stores/aa339549-f95c-42ec-bce5-a27d4ae699b0,Gaia,Fenrir,ミストヴィレッジ 2区,トップマスト1号 44号室
Purim Ephemere,La Pause,カフェ・BAR,,,https://www.14-store-log.com/stores/fc12bad8-ec36-49af-b018-973405a0ad4d,Meteor,Ramuh,エンピレアム 27区,49番地
Usagi Thunder,脱出系ギミックハウス【#青い扉の迷宮】※閉店しました,ギミックハウス,https://x.com/ff14_Thunder/status/1868262290711294190,,https://www.14-store-log.com/stores/4cac0a50-561a-47e6-949f-28374c627b2a,Gaia,Ifrit,ラベンダーベッド 27区,51番地
Origa Bles,レンタル店舗,その他,,#レンタル店舗_ff14,https://www.14-store-log.com/stores/150d0b70-db20-4d04-a210-ea7512912765,Mana,Pandaemonium,ラベンダーベッド 20区,13番地
Yoppy Chan,名前はまだない,カフェ・その他,,#ななしねこ_FF14,https://www.14-store-log.com/stores/6a78b9f1-89c1-4020-9b9d-29065b144797,Mana,Chocobo,ミストヴィレッジ 29区,トップマスト1号 32号室
Asa Ka,Neo Anavrin,カフェ,,,https://www.14-store-log.com/stores/a63d738f-63cb-4900-b1fc-1aa237e8599d,Mana,Anima,ゴブレットビュート 23区,52番地
Chloe Clover  Luka Freja,TwinBar,BAR,,#TwinBar,https://www.14-store-log.com/stores/05db3ccc-0a6d-4b4e-a1d2-2367abec70b9,Meteor,Zeromus,シロガネ 5区,11番地
Luka Circle,総合百貨店　魔女の釜,カフェ・マネキンショップ,,#魔女の釜,https://www.14-store-log.com/stores/1151ac0f-9ef6-4daf-9d8e-2bf568f227d6,Gaia,Alexander,エンピレアム 24区,42番地
Yuria Melty,cafe&BAR´lilly,カフェ・BAR,,lilly_ff14,https://www.14-store-log.com/stores/ea239dea-d28d-4ea4-80d6-165496de40be,Meteor,Zeromus,シロガネ 18区,2番地
Grace Rain,【Bar 蒼-ao-】,BAR・交流店,,,https://www.14-store-log.com/stores/ff016f97-b90f-40f0-9fb4-6247b56aad82,Gaia,Fenrir,ラベンダーベッド 8区,リリーヒルズ2号 12号室
Laura Brunetta,らうら相談所 メテオ支店,相談所,https://x.com/Laura_B_FFXIV,#らうら相談所,https://www.14-store-log.com/stores/8f09c560-3d22-4654-b147-3e396d0266bf,Meteor,Ramuh,エンピレアム 7区,39番地 地下
shiki,小さなマネキンショップ　enigma,マネキンショップ,,#4KI_enigma,https://www.14-store-log.com/stores/c25793ae-bcb7-4f60-9e45-5633f1293025,Mana,Pandaemonium,ミストヴィレッジ 19区,トップマスト2号 18
Kitty Brigid,【移動式有料個人対話】#K_Brigid,対話店・相談所,https://x.com/K_Brigid_RP,#FF14対話店,https://www.14-store-log.com/stores/d6b148be-e2b3-44a2-8a34-1898ba263cd8,Gaia,Ultima,ラベンダーベッド 1区,1番地
Mattsun Tsun,cafe:baron,カフェ・交流店,,#cafebaron,https://www.14-store-log.com/stores/61efc8dc-3532-4fc0-9874-21fc058d0d40,Mana,Ixion,エンピレアム 3区,3番地
Laura Brunetta & El fournine,Cafe -SEVENTEEN-,カフェ,https://x.com/Laura_B_FFXIV,#cafe_seventeen,https://www.14-store-log.com/stores/ed5a4a1c-aaab-4a7f-a6d2-6874badff2a0,Mana,Ixion,エンピレアム 27区,35番地
Satoshi Vai,barタンジェント,カフェ,,,https://www.14-store-log.com/stores/0e8ce5f6-6981-4a47-b0fe-7c18968ff573,Mana,Pandaemonium,ゴブレットビュート 12区,16番地
Ameth Willow,光る武器屋兼雑談Cafe《エイド》,販売店・カフェ,https://x.com/ameth_willow,#光る武器屋_エイド,https://www.14-store-log.com/stores/402604b3-fa4e-4ee2-a579-c111e27557cc,Elemental,Gungnir,エンピレアム 5区,6番地
M'Tomochin,C'afe&Bar Lavi'o,カフェ・BAR,,#ピンクららのお店,https://www.14-store-log.com/stores/43172abf-47cb-4360-982d-b91efde22539,Gaia,Alexander,ラベンダーベッド 7区,リリーヒルズ2号 12号室
Origa Bles,甘味処　祇園,カフェ,,,https://www.14-store-log.com/stores/ca0d6be7-5cde-4c2a-ae15-87210960b27e,Mana,Masamune,エンピレアム 6区,12番地 FC個室4号室
Kyouya Nagi,Cafe Yurace（ユレイス）,カフェ・交流店,,,https://www.14-store-log.com/stores/f53305e3-f031-4faa-9a0e-db53a6d6d542,Mana,Asura,ミストヴィレッジ 2区,トップマスト2号 棟80号室
Elelielly Salvatore,Leliel〚レリエル〛,交流店・銭湯,,#ff14_Leliel,https://www.14-store-log.com/stores/18afe7d3-5644-418c-b9ca-88a1ba9cc5bb,Mana,Pandaemonium,ゴブレットビュート 11区,49番地
Dan_Gety,隠れ家Bar「孤月」,BAR・居酒屋,https://twitter.com/kogetsu_ff14,#孤月,https://www.14-store-log.com/stores/6b2dc327-55f5-41c2-baa9-6c9c3c044e31,Meteor,Yojimbo,シロガネ 30区,14番地
Chiharu Hearteyes,喫茶-Blessing-,カフェ,,#喫茶_Blessing,https://www.14-store-log.com/stores/1fc370bc-2179-41ec-822b-ff53ba84531f,Meteor,Zeromus,ラベンダーベッド 22区,リリーヒルズ1号 39
Chiri Men,ららちゃんのおみせ,カフェ・販売店,https://x.com/lalachan434233,#ららちゃんのおみせ,https://www.14-store-log.com/stores/b31add67-5fd9-4195-85e7-0fcdc17645f0,Elemental,Gungnir,ラベンダーベッド 9区,34番地
Eye Melody,ららへるclub,BAR,,,https://www.14-store-log.com/stores/eeb75260-39f8-4560-bbcc-b85f42e0a3a6,Mana,Chocobo,ミストヴィレッジ 28区,13番地
Sherry Moira,雨宿り亭,交流店,https://x.com/shelter_of_rain,#雨宿り亭,https://www.14-store-log.com/stores/b11eac13-d65d-4130-8921-67af8aba4ca3,Mana,Titan,エンピレアム 5区,60番地
Aniki Soulbreaker,男の隠れ家,カフェ,https://ffxiv.link/0117844,#FF14男の隠れ家,https://www.14-store-log.com/stores/c2728394-4b23-4281-a792-b53e4aa9c737,Meteor,Belias,ミストヴィレッジ 8区,40番地
Leia Adorfi,CafeBrooklyn,カフェ,https://jp.finalfantasyxiv.com/lodestone/character/44718952/blog/5431561/,#れいあばる,https://www.14-store-log.com/stores/784fea94-910d-4f95-9748-555be56ecb26,Meteor,Valefor,ミストヴィレッジ 5区,トップマスト1号 70
Leia Adorfi,水と緑のCafeLoungeFOREST～和モダン～,カフェ・BAR,https://jp.finalfantasyxiv.com/lodestone/character/44718952/blog/5431561/,#れいあばる,https://www.14-store-log.com/stores/2123e46d-c4f4-4c2a-9429-3894e200c002,Meteor,Valefor,ミストヴィレッジ 5区,トップマスト1号 27
Leia Adorfi,50'sRockCafe RAPSBERRY,カフェ,https://jp.finalfantasyxiv.com/lodestone/character/44718952/blog/5431561/,#れいあばる,https://www.14-store-log.com/stores/49393e5d-b25a-4884-9ade-593bdb02dca0,Meteor,Valefor,ゴブレットビュート 5区,ナナモ大風車1号 5
Leia Adorfi,DanceClub LUCIA,クラブ,https://jp.finalfantasyxiv.com/lodestone/character/44718952/blog/5431561/,#れいあばる,https://www.14-store-log.com/stores/ec55cd15-9295-4daa-8081-37c38fbbab12,Meteor,Valefor,ラベンダーベッド 11区,45番地 1
Leia Adorfi,水と緑のCafeLoungeFOREST 3号店,カフェ,https://jp.finalfantasyxiv.com/lodestone/character/44718952/blog/5431561/,#れいあばる,https://www.14-store-log.com/stores/5ad76881-4dca-4964-82fe-a0fd724907de,Meteor,Valefor,ラベンダーベッド 11区,45番地
Leia Adorfi,水と緑のCafeLoungeFOREST ～夜～ 2号店 ,カフェ,https://jp.finalfantasyxiv.com/lodestone/character/44718952/blog/5431561/,#れいあばる,https://www.14-store-log.com/stores/5411e0ee-4130-4377-9db5-04df13201ea0,Meteor,Valefor,ラベンダーベッド 9区,50番地
Leia Adorfi,水と緑のCafeLoungeFOREST ～夜～ 本店,カフェ,https://jp.finalfantasyxiv.com/lodestone/character/44718952/blog/5431561/,#れいあばる,https://www.14-store-log.com/stores/e1eeab23-0a8b-4e17-9b5e-467ddb55cbf2,Meteor,Valefor,ラベンダーベッド 21区,5番地
Fen Ura,喫茶「プレアデス」,カフェ,,,https://www.14-store-log.com/stores/5de6f9b9-56b3-47ba-aea5-d750f2910054,Mana,Titan,ラベンダーベッド 9区,14番地
Chloe Weiss,アウラ専門有料対話店 Ruscello,対話店,https://x.com/RuscelloFF14,#RuscelloFF14,https://www.14-store-log.com/stores/4ee0cf5d-9d18-4fb9-9ecc-b58eabe463c1,Gaia,Ultima,ラベンダーベッド 8区,56番地
Lucas Bertrant,喫茶ウタタネ,カフェ・マネキンショップ,https://tebajiro.wixsite.com/kissautatane,#喫茶ウタタネ,https://www.14-store-log.com/stores/5d4ea80d-2a11-4fb7-987e-80a370ad9664,Elemental,Gungnir,ゴブレットビュート 17区,34番地
Miles Barclay,喫茶アルデバラン,カフェ・その他,,#喫茶アルデ,https://www.14-store-log.com/stores/be198b96-e5b3-46a9-8985-772f719f370b,Mana,Titan,ゴブレットビュート 2区,4番地
unknown walker,Strange Turkey,カフェ・BAR,,,https://www.14-store-log.com/stores/a5de744e-bbb6-406d-b15f-603b2f17fa74,Gaia,Tiamat,エンピレアム 24区,47番地
Besu Ftaba,マネキンショップ『ふたば』,マネキンショップ・販売店,,,https://www.14-store-log.com/stores/cb78e237-2ec7-4539-a20d-298b101f65ae,Gaia,Tiamat,シロガネ 26区,紅梅御殿1号 3号室
Mina Ryuka,Bar【ThousandMiles】,BAR・カフェ,https://x.com/ThMsFFXIV,#ThMsFFXIV,https://www.14-store-log.com/stores/49479350-8953-4028-9f79-25c32a3069cd,Mana,Ixion,エンピレアム 8区,イングルサイド2号 20
Amy Rosa,NieR音楽BAR[ウタウタイ],BAR・対話店,https://x.com/AmyRosa_07654,,https://www.14-store-log.com/stores/96aae799-ad2c-49bb-9a9f-26bb59adadc3,Meteor,Valefor,ミストヴィレッジ 30区,8番地
プチ 茶々,ちる店 ぷちる,その他,,,https://www.14-store-log.com/stores/61dbf313-0cbd-480f-8b93-aa2f46703b53,Mana,Masamune,ゴブレットビュート 12区,25番地
Soushi Kokonoe,交流店うさぎや,交流店・マネキンショップ,https://x.com/usagiyaXIV,#交流店うさぎや,https://www.14-store-log.com/stores/ec462edc-402b-4d0a-9ec1-a9a900649517,Gaia,Fenrir,ラベンダーベッド 29区,56番地
Robin's-egg Blue,BL好きヒカセンのための雑談Discord 入会窓口【Meteorl拠点】,交流店,https://kusanoie.studio.site/,#くさのいえ,https://www.14-store-log.com/stores/e4ccd3bf-456c-462d-8504-94b62932011f,Meteor,Mandragora,ミストヴィレッジ 25区,25番地 1階
Robin's-egg Blue,BL好きヒカセンのための雑談Discord 入会窓口【Mana拠点】,交流店,https://kusanoie.studio.site/,#くさのいえ,https://www.14-store-log.com/stores/8e803e09-7216-4ca6-90d3-b76f888ecdcf,Mana,Chocobo,ラベンダーベッド 29区,14番地
Robin's-egg Blue,BL好きヒカセンのための雑談Discord 入会窓口【Gaia拠点】,交流店,https://kusanoie.studio.site/,#くさのいえ,https://www.14-store-log.com/stores/6d0c1908-bf9f-4949-adcc-339acc3abd28,Gaia,Fenrir,ラベンダーベッド 4区,4番地 1階
Robin's-egg Blue（個室所有主：Corvus Alis）,BL好きヒカセンのための雑談Discord 入会窓口【Elemental拠点】,交流店,https://kusanoie.studio.site/,#くさのいえ,https://www.14-store-log.com/stores/c147061a-aef1-4e75-9e58-f9c49d27ab2b,Elemental,Typhon,シロガネ 1区,17番地 個室001号室
17th-NightMoon,BAR『十七夜月-KANOU-』Aegis店,BAR,,,https://www.14-store-log.com/stores/ccf92f9c-b825-4a12-98bb-4e6c8879c94f,Elemental,Aegis,ゴブレットビュート 11区,6番地
Abdiel Berus,喫茶　ルガアール,カフェ,,,https://www.14-store-log.com/stores/06292c94-4e5f-4cf9-a366-b818db64c507,Mana,Masamune,ゴブレットビュート 30区,ナナモ大風車1号 21
Hal Foley,Mori Mori 食堂,カフェ・販売店,https://x.com/h_f_oskn?s=21,#MoriMori食堂,https://www.14-store-log.com/stores/4d501960-b91f-439a-a4b9-d45e96f271b0,Gaia,Alexander,エンピレアム 24区,44番地
Alishan Forestcat,　　 【有料占い】　　　＃Ｐａｒｉｓｄａｉｓｙ,占い・相談所,,,https://www.14-store-log.com/stores/782a0d08-04ab-4ce1-9289-a0580b1e4287,Gaia,Alexander,ラベンダーベッド 18区,32番地
Asa Ka,HIDAMARI,カフェ,https://x.com/HIDAMARI_Anima,#hidamari_FF14,https://www.14-store-log.com/stores/1d6b7963-2ec9-412f-b356-ece5910a7d5b,Mana,Anima,ゴブレットビュート 23区,60番地
Nyai Rupple,かっぱショップ,マネキンショップ,https://twitter.com/Kappa_Shop_,,https://www.14-store-log.com/stores/9c48f297-6fee-43c5-a03b-03259cc6f3d0,Mana,Anima,ラベンダーベッド 12区,リリーヒルズ1号 45号室
Neko Thunder,エンピレアムシアター,その他・スタジオ,https://housingsnap.com/42539,,https://www.14-store-log.com/stores/d8166c29-e36e-4605-8cb5-2c131a865f98,Gaia,Ifrit,エンピレアム 3区,24番地
Eleusis Arwall,クラフターカフェMaya,カフェ,,,https://www.14-store-log.com/stores/33a88515-2ad8-4eb4-a86f-e61cf9ad6310,Mana,Anima,ラベンダーベッド 19区,22番地
Kenn-y-Shamrock,有料個人対話店【K】,対話店・相談所,https://x.com/ClubK_ff14,#ClubK_ff14,https://www.14-store-log.com/stores/00cdb583-44bb-4f98-b06a-1ee11fd55f59,Mana,Pandaemonium,エンピレアム 1区,イングルサイド1号
Uluru Cess,喫茶店ぽぷり,カフェ,,,https://www.14-store-log.com/stores/c0de5b12-f8a2-4611-9127-15a06143b2a4,Mana,Titan,ゴブレットビュート 8区,21番地
Alicia Lens,BAR«LOW TON»,BAR,https://x.com/FF14BAR_LowTon,,https://www.14-store-log.com/stores/ea433eb7-3769-42e0-8e87-cea4781090ac,Elemental,Gungnir,ラベンダーベッド 29区,10番地
Meltia Tanaka,BAR≪MelVie≫,BAR,,,https://www.14-store-log.com/stores/e14d0d71-84fa-44a0-b820-651dfc1721bd,Meteor,Belias,エンピレアム 21区,45番地 （地下）
Sion Viola,♡カジノ  つるたす♡,カジノ・カフェ,,,https://www.14-store-log.com/stores/276603d4-9cbb-4d6e-bda0-b918d1b5f517,Meteor,Belias,ゴブレットビュート 4区,2番地
unknown walker,BAR beginner,BAR,,,https://www.14-store-log.com/stores/0b0b992f-294a-44d8-8af6-e7096fc07a46,Meteor,Belias,ゴブレットビュート 29区,38番地
Kinova Bartolini,ドランカー,BAR,,#Bar_Drunkard,https://www.14-store-log.com/stores/a20359b3-82b5-45da-a82a-f872d871866b,Mana,Masamune,エンピレアム 21区,1番地
Ien Casterede,Cafe Solaris,カフェ,,,https://www.14-store-log.com/stores/05bd869b-9892-4599-a3ec-21ef670d49c3,Mana,Ixion,ラベンダーベッド 22区,2番地
Abdiel Berus,喫茶ルガアール2号店SeasideJOHNNY,BAR・カフェ,,,https://www.14-store-log.com/stores/568ab611-8fba-4e46-b398-d4e0275ed547,Mana,Masamune,エンピレアム 13区,6番地
Hasuha Mo,cheri,BAR,https://x.com/tukiten_ff14,,https://www.14-store-log.com/stores/3bac4b4c-86d3-4d09-a774-be94a38c7de1,Mana,Pandaemonium,エンピレアム 5区,32番地
Rouge Cestlavie,冒険者の集う酒場「バースト」,BAR,,,https://www.14-store-log.com/stores/fec5263d-108b-4dbd-b25e-766ecbd576c7,Mana,Titan,シロガネ 28区,6番地
Marble Penguin,温浴処白ぺんぎん,その他,https://x.com/penguinsirokuro/status/1571341860312064004,,https://www.14-store-log.com/stores/30a05307-373c-4bd0-a9d9-f39fe471dc05,Meteor,Ramuh,ゴブレットビュート 6区,44番地
Number Coco,光と影のリラックス空間,その他,,,https://www.14-store-log.com/stores/641214e5-a3c8-425e-8b9b-658618590cc0,Mana,Pandaemonium,エンピレアム 29区,23番地
suri-mo gami,化かされ亭,交流店,,,https://www.14-store-log.com/stores/bcca60ce-1c37-423c-9c83-78ac358ebddc,Mana,Chocobo,シロガネ 16区,2番地
Mame Kuma,森のどんぐり,カフェ,,,https://www.14-store-log.com/stores/0c7100a9-83dd-490b-8e5b-e13a82ae2f18,Meteor,Yojimbo,シロガネ 15区,45番地
すぅみぃ,雑貨屋【すぅみぃ】,販売店,,,https://www.14-store-log.com/stores/322fff81-45c0-4f1f-adea-22d0cea9319b,Gaia,Ridill,ミストヴィレッジ 6区,トップマスト2号 10
mirin,洋服屋さん,マネキンショップ,,,https://www.14-store-log.com/stores/95b207e0-3006-4c51-96d4-784092c2cb17,Meteor,Ramuh,ミストヴィレッジ 21区,トップマスト1号 46号室
Hio Filiglim,和カフェ兼居酒屋「こぉらる」,その他,https://x.com/hiofiliglim,,https://www.14-store-log.com/stores/bf26e526-b3dd-47f2-89da-bd736a138888,Gaia,Bahamut,ミストヴィレッジ 10区,43番地
Chloe Lerouxwyn,足湯Bar玄,BAR,,,https://www.14-store-log.com/stores/30c63081-a665-45e6-8770-198e74b36a91,Meteor,Valefor,シロガネ 23区,11番地
Phil Grandier,エレおじのカフェ,カフェ,https://x.com/Phil_Grandier,,https://www.14-store-log.com/stores/0939b1c8-8733-472c-bd06-c91e110b3f72,Gaia,Alexander,ラベンダーベッド 27区,リリーヒルズ1号 20号室
jimaco jima,雑談barコジマ,BAR,,,https://www.14-store-log.com/stores/48f89894-ac65-4ab7-9a59-8e5692ae87f7,Mana,Masamune,エンピレアム 16区,27番地
unknown walker,PUBLIC BAR Flake,BAR,,,https://www.14-store-log.com/stores/7f223c77-cfe5-497e-99d4-d0a09d3e1f2d,Gaia,Tiamat,ラベンダーベッド 16区,30番地
PekeVia,Usagi imperial,BAR,,,https://www.14-store-log.com/stores/3c61201c-4a9f-4d3a-8919-4beb9e43d954,Meteor,Ramuh,ゴブレットビュート 13区,48番地
Emilia Hamilton,Wellington Tea Room,カフェ,,,https://www.14-store-log.com/stores/e89113dd-2ae5-46fb-95e5-8af37dc2e5df,Mana,Chocobo,エンピレアム 1区,イングルサイド2号 28号室
Sea Mofumofu,きまぐれねこのおみせ【販売店/ﾏﾈｷﾝｼｮｯﾌﾟ】,販売店,,,https://www.14-store-log.com/stores/432df56f-fdcf-4dd0-81a6-af3514c7ded1,Gaia,Bahamut,ラベンダーベッド 24区,12番地
暇レンジャー,ひまcafe,カフェ,,,https://www.14-store-log.com/stores/4431787c-1463-4d37-b81a-c53562d11d6e,Meteor,Belias,ミストヴィレッジ 27区,1番地
JarkyMinan,眠れる子牛亭,BAR,,,https://www.14-store-log.com/stores/76971adc-cd75-47dc-83c9-3df53e8bec33,Mana,Asura,ミストヴィレッジ 23区,トップマスト1号 25
Tacchii Rampage,和食処「七彩寿司」,居酒屋,,,https://www.14-store-log.com/stores/2e455d33-a7f1-4772-8a9f-58c3f6f43db8,Gaia,Alexander,シロガネ 22区,33番地
Eden Forgiven,BAR【Re'Cove〜リ・カーヴ】,BAR,,,https://www.14-store-log.com/stores/921d9743-b013-441c-a79e-82c6272eb89a,Mana,Hades,ゴブレットビュート 9区,11番地
オーナー Black Cat / 店長 Airel Little,Bar Seraphim(セラフィム),BAR,,,https://www.14-store-log.com/stores/9aae0af9-189c-4167-95a6-75f983081c84,Mana,Anima,エンピレアム 25区,44番地
unknown walker,緑泉珈琲,カフェ,,,https://www.14-store-log.com/stores/7bca4e06-5a3b-4e93-bf25-e4bb0b1572e8,Meteor,Mandragora,ラベンダーベッド 24区,31番地
Rei'z Lower,カジノ【ヴィクトリア】,その他,,,https://www.14-store-log.com/stores/4b3ad009-ae11-40dc-9951-2bc30db5011c,Meteor,Shinryu,シロガネ 7区,45番地  2F
Luna Schoenheit,Celeste,BAR,,,https://www.14-store-log.com/stores/60145727-c759-4793-b570-2eadf042d13b,Gaia,Ifrit,エンピレアム 19区,49番地
Iverta Darsios,BAR&Salon《Amissa alis》,BAR,,,https://www.14-store-log.com/stores/302330c3-3b85-4178-8297-7d9269e7a0d6,Elemental,Atomos,ラベンダーベッド 4区,48番地
えるぼぼ親方┆シヲ店員,杉の木鉄工所,販売店,https://x.com/suginoki_iw,,https://www.14-store-log.com/stores/ed80fb37-44ce-4443-819c-e1389a6af8c5,Gaia,Tiamat,エンピレアム 13区,15番地
Kuro Akira,ニュー新橋ビルのカレー屋さん,BAR,,,https://www.14-store-log.com/stores/a9762db7-2155-418e-b6cd-901fcb296ac1,Gaia,Fenrir,ミストヴィレッジ 23区,トップマスト2号 8号室
katsudon yuyu,【cafe】#ゆずかふぇ,カフェ,,,https://www.14-store-log.com/stores/b3760ae2-c0b7-4528-b6b2-f2f768b2f4d9,Mana,Asura,ゴブレットビュート 14区,10番地
Sako-n Sako,one by one,居酒屋,,,https://www.14-store-log.com/stores/6ea3b1e1-0a2c-4632-9c8e-e98831ae6c53,Mana,Titan,ラベンダーベッド 20区,18番地
Sora fasiria, #SkyBar_774,BAR,https://x.com/SkyBar_774,,https://www.14-store-log.com/stores/3650c9e6-ed91-4c3a-a96a-783d24832326,Gaia,Durandal,シロガネ 27区,紅梅御殿1号 5号
Haru Leon,haru's fo:rest cafe【はるの森カフェ】,カフェ,https://x.com/haruharu_leon,,https://www.14-store-log.com/stores/770781e5-97f3-4fe1-941a-08e15e67be75,Gaia,Fenrir,ミストヴィレッジ 23区,28番地
una,Cafe Lukea,カフェ,https://x.com/cafelukea_ff14,,https://www.14-store-log.com/stores/3ac61a3a-68d9-43b8-a518-e2acd576a21a,Mana,Titan,ラベンダーベッド 3区,20番地
Ludwig Vb,BAR【Adagio】,BAR,,,https://www.14-store-log.com/stores/7628667e-8756-46e8-8148-6e7bea9ee4a4,Mana,Masamune,シロガネ 14区,48番地
Wolfgung Mittaman,BAR GELBEROSEN,BAR,,,https://www.14-store-log.com/stores/a9dfc864-22b7-41db-a888-5d9249ce24f2,Gaia,Bahamut,エンピレアム 27区,18番地
Blitz Argentum,オスッテバー【NECORU】,BAR,,,https://www.14-store-log.com/stores/716b4215-e2ef-4601-ac5d-09c10b67aa18,Gaia,Ultima,ゴブレットビュート 1区,3番地
Reima Rose,BAR Lagerfeuer,BAR,,,https://www.14-store-log.com/stores/e5e36c31-32b0-4344-ae95-4986d694d28b,Meteor,Valefor,シロガネ 7区,41番地
An　Donuts,マナ画廊別館,画廊,,,https://www.14-store-log.com/stores/645bdfca-1b51-4608-9fe5-60fccc79f921,Elemental,Kujata,ゴブレットビュート 20区,13番地
Miry Mist,「Rouss LaLa」カフェ&休憩処,カフェ,,,https://www.14-store-log.com/stores/baf63c12-53d5-41c2-8c6c-a59505f95353,Mana,Asura,ゴブレットビュート 9区,35番地
Jastasha Shevpinko,小料理ぴんこ,居酒屋,,,https://www.14-store-log.com/stores/2110e1ab-d69c-4673-81b8-7dd6ff933ab5,Mana,Ixion,シロガネ 12区,58番地
Toto Teto,喫茶ぺんぺん亭,カフェ,,,https://www.14-store-log.com/stores/e467f3ba-dfe1-403e-af9f-a57fcd3aae62,Mana,Ixion,ラベンダーベッド 19区,13番地
DJ KANISAN,Nightclub ▹▹ARTEMIS▹▹,その他,,,https://www.14-store-log.com/stores/eed22ed7-a86a-4024-8daa-49481689eebd,Mana,Masamune,シロガネ 24区,30番地
Satoshi Vai,喫茶タンジェント分館,カフェ,,,https://www.14-store-log.com/stores/7de863be-9e22-42be-a446-1807f4ae710a,Mana,Pandaemonium,ミストヴィレッジ 21区,トップマスト1号 38号室
Liliane Fryxell,Cafe【りりあーね】,カフェ,,,https://www.14-store-log.com/stores/60f812f3-a072-434a-b41e-0a419cbaa1ab,Mana,Pandaemonium,ミストヴィレッジ 29区,58番地
MINI91,【作業放置＆占いカフェ】AM3:00のおやつ,カフェ,,,https://www.14-store-log.com/stores/f98b3261-dfcc-4c26-a0dc-18befc67a134,Gaia,Alexander,エンピレアム 6区,34番地 1F カフェ
Ponyo Gakeppchi,崖茶～お家で喫茶店～,カフェ,https://twitter.com/ponyo000001,,https://www.14-store-log.com/stores/c24b94fe-6b13-466d-b354-2f5b76d3bcd8,Gaia,Alexander,シロガネ 26区,35番地
Nemu Lily,スナック ねむのき,交流店,,,https://www.14-store-log.com/stores/02310407-a833-4a95-8137-a910895b9b07,Gaia,Fenrir,ラベンダーベッド 11区,リリーヒルズ1号 23号室
Stella Noykin,隠れ家,その他,,,https://www.14-store-log.com/stores/f235cee0-7e2b-4e24-b914-3579511bff8e,Mana,Pandaemonium,ゴブレットビュート 26区,59番地
Ponyo　Gakeppchi,GakeSuna-崖の上のスナック‐,BAR,https://twitter.com/gakesff14,,https://www.14-store-log.com/stores/5a422592-4dd5-4bdd-b93b-09265a567f63,Gaia,Alexander,ゴブレットビュート 27区,ナナモ大風車1号 15号室
Arc Katze,Atem_Natur【自然/息吹】,その他,https://x.com/arckatze,,https://www.14-store-log.com/stores/c256a661-531e-4c81-9463-9b8767a1f131,Mana,Asura,ミストヴィレッジ 17区,34番地
Rydia Misteed,《Cafe & Bar DuNker ruStiG》 Anima支店,BAR,,,https://www.14-store-log.com/stores/8e557261-a00a-42fc-84cf-ebf6b8389ce6,Mana,Anima,エンピレアム 14区,51番地
Lila Syringa,café Petrichor,カフェ,https://x.gd/7U5pX,,https://www.14-store-log.com/stores/42145af9-f349-4da5-a63c-3c89af778528,Gaia,Ifrit,ゴブレットビュート 22区,24番地
Dodo_donguri,喫茶 ドドの巣,カフェ,,,https://www.14-store-log.com/stores/f96b4f5a-a6b7-4bb1-8fd8-36e9dbdec60a,Gaia,Fenrir,ミストヴィレッジ 28区,トップマスト2号 6号室
Miyavi Miya,1F「甘味処【餡-An-】」 B1 「ナイトクラブ【蓮-Ren-】」  アパ別館「私立エオミコ学園」,BAR,,,https://www.14-store-log.com/stores/db0d9cae-907c-4fac-8e24-1f4523f60dbd,Mana,Chocobo,ラベンダーベッド 24区,19番地 別館 30区 拡張ヒルズ2号棟 16号室
Shion Shiranui,「Viator」冒険者カフェ&バル,カフェ,,,https://www.14-store-log.com/stores/6ce87686-529c-49c7-aa56-ce11d783c037,Mana,Masamune,シロガネ 27区,51番地
Rick Ross,COLORS,BAR,,,https://www.14-store-log.com/stores/dec867c7-cfad-4a74-80ab-015ca1c005e8,Mana,Masamune,ラベンダーベッド 29区,17番地
Karen Obsidian,BAR FryingTeapot,BAR,,,https://www.14-store-log.com/stores/a0e5e728-8c4e-466b-950d-32b4dfe57e85,Mana,Asura,ラベンダーベッド 24区,54番地
Edelweisz Avalon,High Roller,カフェ,,,https://www.14-store-log.com/stores/bed88395-4faf-4616-9c37-cce493582a9a,Elemental,Atomos,ゴブレットビュート 6区,ナナモ大風車1号 16号
Nanao Amalofi,Cafe 7th Elemets,カフェ,,,https://www.14-store-log.com/stores/d366853c-7883-41c3-b137-156aa8bf1459,Mana,Masamune,ミストヴィレッジ 24区,31番地 地下
PhononTrefoil,ミツバ観光クラフターズガレージ,その他,,,https://www.14-store-log.com/stores/b45e5a16-6469-4961-88d5-0465da626f73,Elemental,Kujata,ラベンダーベッド 23区,37番地
カノン,カフェ フェアリー,カフェ,,,https://www.14-store-log.com/stores/ad5c6eb2-e5d2-41e5-b3f8-e136b1e018cc,Mana,Ixion,ゴブレットビュート 5区,4番地
FC:13th of Morning Star,【冒険者RP店】蕎BAR＆呑み処『JOVEJOVE』,BAR,,,https://www.14-store-log.com/stores/79f8dd88-57c5-48ae-b413-34fc58cb1e35,Gaia,Alexander,シロガネ 11区,53番地
Arik Palaki,RPBar「Arik」,BAR,,,https://www.14-store-log.com/stores/8c95a9ab-814e-451d-a1a3-5a403889fee0,Meteor,Ramuh,ラベンダーベッド 24区,50番地
Lily Xxx,Cafe&Bar Lily of valley,カフェ,,,https://www.14-store-log.com/stores/f8848c8e-3b25-464f-9f2e-94152d258dab,Mana,Anima,ミストヴィレッジ 8区,36番地
Origa Bles,椅子のないコーヒースタンド,カフェ,,,https://www.14-store-log.com/stores/6be7ae12-2530-4699-8250-877fece0859d,Mana,Pandaemonium,ラベンダーベッド 20区,リリーヒルズ1号 58号室
KenGenius,Pleiades,カフェ,,,https://www.14-store-log.com/stores/d557392f-83a1-43cf-a5c8-e36591d477af,Mana,Hades,エンピレアム 10区,50番地
002,Bar<<No TiTle>>,BAR,,,https://www.14-store-log.com/stores/99659149-7253-4139-8700-b07c8cbf1793,Gaia,Durandal,ミストヴィレッジ 27区,トップマスト2号
 Sebastian Michaelis,Constantine,交流店,,,https://www.14-store-log.com/stores/59df7262-0919-4310-8d84-6ddb1ed96a3f,Gaia,Fenrir,ミストヴィレッジ 14区,トップマスト1号 60
Another　Rio,Kimama(小規模店),その他,,,https://www.14-store-log.com/stores/abb4ee2e-fa7f-40d6-a4f8-4eb6cf0c2f24,Mana,Pandaemonium,ラベンダーベッド 24区,リリーヒルズ1号 41番地
Another　Rio,Kimama,その他,,,https://www.14-store-log.com/stores/2046c204-331d-4464-8d3e-ba31b35a7107,Mana,Pandaemonium,エンピレアム 23区,48番地
Chapel Littlestar,喫茶・薔薇の女王,カフェ,,,https://www.14-store-log.com/stores/aa3d7cfa-0ae7-49ae-9abf-3d697362b86c,Mana,Pandaemonium,ゴブレットビュート 2区,34番地
,大衆酒場 Vapore,居酒屋,,,https://www.14-store-log.com/stores/cec17216-9dd6-4c73-b571-fe8eac62d058,Meteor,Unicorn,,
,麺処 豚薔薇,居酒屋,,,https://www.14-store-log.com/stores/cfe9fe10-7a7d-4562-8985-6b0882ed4548,Meteor,Unicorn,,
,cafe＆bar Lily of valley,カフェ,,,https://www.14-store-log.com/stores/64d64b21-647d-4706-94cb-92a72e8339fe,Mana,Anima,,
,CLUB Hermitage ,BAR,,,https://www.14-store-log.com/stores/3808f8c5-75c7-400d-be4b-4391a9efcc96,Mana,Ixion,,
,Bar Nanai,BAR,,,https://www.14-store-log.com/stores/e19a4bba-70c2-4814-94f6-3aa738469e15,Mana,Ixion,,
,カフェ「パル」,カフェ,,,https://www.14-store-log.com/stores/c6d95a37-abf8-4a74-9edf-a7c96e423944,Meteor,Ramuh,,
,Mio's Forest Cafe,カフェ,,,https://www.14-store-log.com/stores/b2d57fca-78ea-4f66-8d77-3103e2ed287d,Mana,Asura,,
,TSUWABUKI,スタジオ,,,https://www.14-store-log.com/stores/2874b06e-5605-40cd-a39e-4229e8faea0d,Mana,Asura,,
,club:underworld,対話店,,,https://www.14-store-log.com/stores/b3e9b95e-9783-4fba-9305-e2b719993444,Meteor,Mandragora,,
,TSUGUMI,スタジオ,,,https://www.14-store-log.com/stores/2eb74c8c-f08b-414b-b315-02fce1780d2b,Mana,Asura,,
,【喫茶】ウソウソ,カフェ,,,https://www.14-store-log.com/stores/b186d1dd-43e1-4616-aede-8ae76a9a7f53,Meteor,Valefor,,
,カジノ【ｼﾞｬｯｸﾎﾟｯﾄｶﾞｰﾃﾞﾝ】,その他,,,https://www.14-store-log.com/stores/2b121a6a-65a0-4592-b81f-5018d5033f8e,Meteor,Yojimbo,,
,L'oasis,カフェ,,,https://www.14-store-log.com/stores/d89edd6d-2333-4768-8e54-a2fa9d3bcdc4,Mana,Ixion,,
,にぎりめし,交流店,,,https://www.14-store-log.com/stores/e9db8e93-b5a7-442a-8d03-c37e652b742d,Meteor,Shinryu,,
,《にぎりめし》,交流店,,,https://www.14-store-log.com/stores/cbadda32-529a-4db8-9c75-065ac26cad2c,Meteor,Shinryu,,
,にぎりめし,カフェ,,,https://www.14-store-log.com/stores/45aa8c86-c92b-483a-b27e-2b7f6ed626c4,Meteor,Shinryu,,
,写真屋 焚き火,その他,,,https://www.14-store-log.com/stores/133f14f4-bc4e-44d0-b0c5-dd89c74dfaf2,Mana,Ixion,,
,ガレージBarM,BAR,,,https://www.14-store-log.com/stores/cbcbd306-89cd-43fd-ab23-adda885550dc,Gaia,Ridill,,
,可愛いララのいる雑談BAR『COLOR』,BAR,,,https://www.14-store-log.com/stores/7a0a752c-6665-476c-b187-55f31c78234f,Gaia,Ridill,,
,Liszt's Garden,BAR,,,https://www.14-store-log.com/stores/14ef3332-d9f7-4e80-917d-aaf71a8b4f7f,Mana,Ixion,,
,MIKO'Sキッチン,カフェ,,,https://www.14-store-log.com/stores/13c4c64f-3213-46ed-ada0-10f586d1917c,Gaia,Ifrit,,
,待宵のうた,カフェ,,,https://www.14-store-log.com/stores/7441058d-3aee-481f-8f58-74bf4fc1b831,Gaia,Bahamut,,
,Cafeソプラノ,カフェ,,,https://www.14-store-log.com/stores/c8a0274e-0e8f-462c-9ecb-e7a91257181d,Gaia,Durandal,,
,Cafe&Bar◆SiO2_クォーツ,BAR,,,https://www.14-store-log.com/stores/e668886b-1644-4b62-8d0f-384d058dc77b,Meteor,Yojimbo,,
,カフェ＆バー「timetravel」,カフェ,,,https://www.14-store-log.com/stores/25c0ca5e-cb0d-4db7-9936-81ccccfda923,Mana,Ixion,,
,バー「クラシカルメイドバー」,BAR,,,https://www.14-store-log.com/stores/345d1095-46ba-4ee8-b969-63df1fc88975,Mana,Ixion,,
,Barカランコエ,BAR,,,https://www.14-store-log.com/stores/c9c1864c-1034-46c1-907c-972a1b797088,Gaia,Ifrit,,
,かりんのはこぶね,カフェ,,,https://www.14-store-log.com/stores/49a581dd-ad47-4720-ab34-929a6e5559f1,Meteor,Valefor,,
,ミツバ観光総合案内所,カフェ,,,https://www.14-store-log.com/stores/2e82e93e-7ac0-494b-9097-41d8f1ee7a24,Elemental,Kujata,,
,猫ねこ,カフェ,,,https://www.14-store-log.com/stores/f3a0aeb4-9f7a-466b-88dd-b10112524ff3,Meteor,Valefor,,
,THE RUDE HOUSE,カフェ,,,https://www.14-store-log.com/stores/3af0bd4f-fe86-4ca6-b4a9-1197c9ae5d8f,Mana,Hades,,
,Club★Noel,交流店,,,https://www.14-store-log.com/stores/976689c6-6019-4678-adfd-4c4baf26dee6,Gaia,Tiamat,,
